Workbook

Sheet поверки
B3: Реестр сведений о результатах поверки СИ
B4: Выборка по: Дата поверки: "2025-04-01" - "2025-04-30" | W4: Копировать для выгрзуки в журнал на сайт
A5: Номер | B5: Дата изменения | C5: Автор записи | D5: Владелец СИ | E5: Тип СИ | F5: Рег. номер типа СИ | G5: Дата поверки | H5: Заводской №/ Буквенно-цифровое обозначение | I5: Разряд эталона | J5: Статус | K5: Пригодность | L5: Документ | M5: Дубль | N5: Дубль № документа | O5: ном_по_порядку_с_начала_месяца | P5: номер_протокола | Q5: Наименование СИ | R5: Поверитель | S5: ТипСИ | T5: № акта | U5: Дата приемки | V5: Дата выдачи | W5: Столбец7 | X5: Столбец8 | Y5: Столбец9 | Z5: ДляАкта
B6: 29.04.2025 08:48 | C6: Проскурякова Елена Львовна | D6: ООО "РИ-ИНВЕСТ" | F6: 15771-10 | G6: 45748 | H6: 205/M/S7-200 | J6: Опубликован | K6: Да | L6: С-ЕЖБ/01-04-2025/429338896 | N6: =IF(COUNTIF(поверки!$L$6:$L$3175,поверки!$L6)>1,"Дубликат","") | O6: 1 | P6: =CONCATENATE(TEXT(MONTH(поверки!$G6),"00"),"/",TEXT(поверки!$O6,"000"), "/",TEXT(YEAR(поверки!$G6)-2000,"00")) -> 04/001/25 | Q6: =VLOOKUP(поверки!$F6,'соответстиви ОТ типу'!$K$4:$M$344,2,FALSE()) -> Контроллер | R6: Кадыков П.Ю. | S6: Simatic S7-200 | T6: 1 | U6: =VLOOKUP(поверки!$T6,'Акты п-п'!$C$5:$I$57,2,FALSE()) -> 45748 | V6: =VLOOKUP(поверки!$T6,'Акты п-п'!$C$5:$I$57,3,FALSE()) -> 45751 | W6: =VLOOKUP(поверки!$T6,'Акты п-п'!$C$5:$I$57,5,FALSE()) -> Чупин А.А. | X6: =поверки!$G6-поверки!$U6 -> 0 | Y6: =поверки!$V6-поверки!$G6 -> 3 | Z6: =CONCATENATE(поверки!$Q6," ",поверки!$S6," номер ",поверки!$H6) -> Контроллер Simatic S7-200 номер 205/M/S7-200
B7: 29.04.2025 08:48 | C7: Проскурякова Елена Львовна | D7: ООО "РИ-ИНВЕСТ" | F7: 15772-11 | G7: 45748 | H7: 205/BMS01/S7-300 | J7: Опубликован | K7: Да | L7: С-ЕЖБ/01-04-2025/429338895 | N7: =IF(COUNTIF(поверки!$L$6:$L$3175,поверки!$L7)>1,"Дубликат","") | O7: 2 | P7: =CONCATENATE(TEXT(MONTH(поверки!$G7),"00"),"/",TEXT(поверки!$O7,"000"), "/",TEXT(YEAR(поверки!$G7)-2000,"00")) -> 04/002/25 | Q7: =VLOOKUP(поверки!$F7,'соответстиви ОТ типу'!$K$4:$M$344,2,FALSE()) -> Контроллер | R7: Чупин А.А. | S7: Simatic S7-300 | T7: 1 | U7: =VLOOKUP(поверки!$T7,'Акты п-п'!$C$5:$I$57,2,FALSE()) -> 45748 | V7: =VLOOKUP(поверки!$T7,'Акты п-п'!$C$5:$I$57,3,FALSE()) -> 45751 | W7: =VLOOKUP(поверки!$T7,'Акты п-п'!$C$5:$I$57,5,FALSE()) -> Чупин А.А. | X7: =поверки!$G7-поверки!$U7 -> 0 | Y7: =поверки!$V7-поверки!$G7 -> 3 | Z7: =CONCATENATE(поверки!$Q7," ",поверки!$S7," номер ",поверки!$H7) -> Контроллер Simatic S7-300 номер 205/BMS01/S7-300
B8: 29.04.2025 08:48 | C8: Проскурякова Елена Львовна | D8: ООО "РИ-ИНВЕСТ" | F8: 15772-11 | G8: 45748 | H8: 205/BMS02/S7-300 | J8: Опубликован | K8: Да | L8: С-ЕЖБ/01-04-2025/429338894 | N8: =IF(COUNTIF(поверки!$L$6:$L$3175,поверки!$L8)>1,"Дубликат","") | O8: 3 | P8: =CONCATENATE(TEXT(MONTH(поверки!$G8),"00"),"/",TEXT(поверки!$O8,"000"), "/",TEXT(YEAR(поверки!$G8)-2000,"00")) -> 04/003/25 | Q8: =VLOOKUP(поверки!$F8,'соответстиви ОТ типу'!$K$4:$M$344,2,FALSE()) -> Контроллер | R8: Большаков С.Н. | S8: Simatic S7-300 | T8: 1 | U8: =VLOOKUP(поверки!$T8,'Акты п-п'!$C$5:$I$57,2,FALSE()) -> 45748 | V8: =VLOOKUP(поверки!$T8,'Акты п-п'!$C$5:$I$57,3,FALSE()) -> 45751 | W8: =VLOOKUP(поверки!$T8,'Акты п-п'!$C$5:$I$57,5,FALSE()) -> Чупин А.А. | X8: =поверки!$G8-поверки!$U8 -> 0 | Y8: =поверки!$V8-поверки!$G8 -> 3 | Z8: =CONCATENATE(поверки!$Q8," ",поверки!$S8," номер ",поверки!$H8) -> Контроллер Simatic S7-300 номер 205/BMS02/S7-300
B9: 17.04.2025 14:03 | C9: Проскурякова Елена Львовна | D9: ООО "ГАЗПРОМНЕФТЬ-ЯМАЛ" | F9: 54782-13 | G9: 45748 | H9: ER150099 | J9: Опубликован | K9: Да | L9: С-ЕЖБ/01-04-2025/426244275 | M9: =IF(COUNTIF(поверки!$H$6:$H$3175,поверки!$H9)>1,"Дубликат","") | N9: =IF(COUNTIF(поверки!$L$6:$L$3175,поверки!$L9)>1,"Дубликат","") | O9: 4 | P9: =CONCATENATE(TEXT(MONTH(поверки!$G9),"00"),"/",TEXT(поверки!$O9,"000"), "/",TEXT(YEAR(поверки!$G9)-2000,"00")) -> 04/004/25 | Q9: =VLOOKUP(поверки!$F9,'соответстиви ОТ типу'!$K$4:$M$344,2,FALSE()) -> Газоанализатор ЭРИС-ОПТИМА ПЛЮС | R9: Манджеев А.А. | S9: ЭРИС-ОПТИМА ПЛЮС М | T9: 2 | U9: =VLOOKUP(поверки!$T9,'Акты п-п'!$C$5:$I$57,2,FALSE()) -> 45748 | V9: =VLOOKUP(поверки!$T9,'Акты п-п'!$C$5:$I$57,3,FALSE()) -> 45754 | W9: =VLOOKUP(поверки!$T9,'Акты п-п'!$C$5:$I$57,5,FALSE()) -> Манджеев А.А. | X9: =поверки!$G9-поверки!$U9 -> 0 | Y9: =поверки!$V9-поверки!$G9 -> 6 | Z9: =CONCATENATE(поверки!$Q9," ",поверки!$S9," номер ",поверки!$H9) -> Газоанализатор ЭРИС-ОПТИМА ПЛЮС ЭРИС-ОПТИМА ПЛЮС М номер ER150099
B10: 17.04.2025 14:03 | C10: Проскурякова Елена Львовна | D10: ООО "ГАЗПРОМНЕФТЬ-ЯМАЛ" | F10: 61878-15 | G10: 45748 | H10: Z0182517390061 | J10: Опубликован | K10: Да | L10: С-ЕЖБ/01-04-2025/426244274 | M10: =IF(COUNTIF(поверки!$H$6:$H$3175,поверки!$H10)>1,"Дубликат","") | N10: =IF(COUNTIF(поверки!$L$6:$L$3175,поверки!$L10)>1,"Дубликат","") | O10: 5 | P10: =CONCATENATE(TEXT(MONTH(поверки!$G10),"00"),"/",TEXT(поверки!$O10,"000"), "/",TEXT(YEAR(поверки!$G10)-2000,"00")) -> 04/005/25 | Q10: =VLOOKUP(поверки!$F10,'соответстиви ОТ типу'!$K$4:$M$344,2,FALSE()) -> Датчик горючих газов | R10: Манджеев А.А. | S10: Searchpoint Optima Plus XTC | T10: 2 | U10: =VLOOKUP(поверки!$T10,'Акты п-п'!$C$5:$I$57,2,FALSE()) -> 45748 | V10: =VLOOKUP(поверки!$T10,'Акты п-п'!$C$5:$I$57,3,FALSE()) -> 45754 | W10: =VLOOKUP(поверки!$T10,'Акты п-п'!$C$5:$I$57,5,FALSE()) -> Манджеев А.А. | X10: =поверки!$G10-поверки!$U10 -> 0 | Y10: =поверки!$V10-поверки!$G10 -> 6 | Z10: =CONCATENATE(поверки!$Q10," ",поверки!$S10," номер ",поверки!$H10) -> Датчик горючих газов Searchpoint Optima Plus XTC номер Z0182517390061
B11: 17.04.2025 14:03 | C11: Проскурякова Елена Львовна | D11: ООО "ГАЗПРОМНЕФТЬ-ЯМАЛ" | F11: 61878-15 | G11: 45748 | H11: Z0182517390036 | J11: Опубликован | K11: Да | L11: С-ЕЖБ/01-04-2025/426244273 | M11: =IF(COUNTIF(поверки!$H$6:$H$3175,поверки!$H11)>1,"Дубликат","") | N11: =IF(COUNTIF(поверки!$L$6:$L$3175,поверки!$L11)>1,"Дубликат","") | O11: 6 | P11: =CONCATENATE(TEXT(MONTH(поверки!$G11),"00"),"/",TEXT(поверки!$O11,"000"), "/",TEXT(YEAR(поверки!$G11)-2000,"00")) -> 04/006/25 | Q11: =VLOOKUP(поверки!$F11,'соответстиви ОТ типу'!$K$4:$M$344,2,FALSE()) -> Датчик горючих газов | R11: Манджеев А.А. | S11: Searchpoint Optima Plus XTC | T11: 2 | U11: =VLOOKUP(поверки!$T11,'Акты п-п'!$C$5:$I$57,2,FALSE()) -> 45748 | V11: =VLOOKUP(поверки!$T11,'Акты п-п'!$C$5:$I$57,3,FALSE()) -> 45754 | W11: =VLOOKUP(поверки!$T11,'Акты п-п'!$C$5:$I$57,5,FALSE()) -> Манджеев А.А. | X11: =поверки!$G11-поверки!$U11 -> 0 | Y11: =поверки!$V11-поверки!$G11 -> 6 | Z11: =CONCATENATE(поверки!$Q11," ",поверки!$S11," номер ",поверки!$H11) -> Датчик горючих газов Searchpoint Optima Plus XTC номер Z0182517390036
B12: 26.05.2025 09:29 | C12: Проскурякова Елена Львовна | D12: ООО "РИ-ИНВЕСТ" | E12: Преобразователи (датчики) давления измерительные | F12: 59868-15 | G12: 45749 | H12: 91R808434 | J12: Опубликован | K12: Да | L12: С-ЕЖБ/02-04-2025/429337800 | M12: =IF(COUNTIF(поверки!$H$6:$H$3175,поверки!$H12)>1,"Дубликат","") | N12: =IF(COUNTIF(поверки!$L$6:$L$3175,поверки!$L12)>1,"Дубликат","") | O12: 7 | P12: =CONCATENATE(TEXT(MONTH(поверки!$G12),"00"),"/",TEXT(поверки!$O12,"000"), "/",TEXT(YEAR(поверки!$G12)-2000,"00")) -> 04/007/25 | Q12: =VLOOKUP(поверки!$F12,'соответстиви ОТ типу'!$K$4:$M$344,2,FALSE()) -> Преобразователь давления | R12: Кадыков П.Ю. | S12: EJX 530A | T12: 1 | U12: =VLOOKUP(поверки!$T12,'Акты п-п'!$C$5:$I$57,2,FALSE()) -> 45748 | V12: =VLOOKUP(поверки!$T12,'Акты п-п'!$C$5:$I$57,3,FALSE()) -> 45751 | W12: =VLOOKUP(поверки!$T12,'Акты п-п'!$C$5:$I$57,5,FALSE()) -> Чупин А.А. | X12: =поверки!$G12-поверки!$U12 -> 1 | Y12: =поверки!$V12-поверки!$G12 -> 2 | Z12: =CONCATENATE(поверки!$Q12," ",поверки!$S12," номер ",поверки!$H12) -> Преобразователь давления EJX 530A номер 91R808434
B13: 29.04.2025 12:17 | C13: Проскурякова Елена Львовна | D13: ООО "РИ-ИНВЕСТ" | F13: 23410-08 | G13: 45749 | H13: 2080951 | J13: Опубликован | K13: Да | L13: С-ЕЖБ/02-04-2025/429422996 | M13: =IF(COUNTIF(поверки!$H$6:$H$3175,поверки!$H13)>1,"Дубликат","") | N13: =IF(COUNTIF(поверки!$L$6:$L$3175,поверки!$L13)>1,"Дубликат","") | O13: 8 | P13: =CONCATENATE(TEXT(MONTH(поверки!$G13),"00"),"/",TEXT(поверки!$O13,"000"), "/",TEXT(YEAR(поверки!$G13)-2000,"00")) -> 04/008/25 | Q13: =VLOOKUP(поверки!$F13,'соответстиви ОТ типу'!$K$4:$M$344,2,FALSE()) -> Датчик температуры | R13: Кадыков П.Ю. | S13: Метран-286-02 | T13: 1 | U13: =VLOOKUP(поверки!$T13,'Акты п-п'!$C$5:$I$57,2,FALSE()) -> 45748 | V13: =VLOOKUP(поверки!$T13,'Акты п-п'!$C$5:$I$57,3,FALSE()) -> 45751 | W13: =VLOOKUP(поверки!$T13,'Акты п-п'!$C$5:$I$57,5,FALSE()) -> Чупин А.А. | X13: =поверки!$G13-поверки!$U13 -> 1 | Y13: =поверки!$V13-поверки!$G13 -> 2 | Z13: =CONCATENATE(поверки!$Q13," ",поверки!$S13," номер ",поверки!$H13) -> Датчик температуры Метран-286-02 номер 2080951
B14: 29.04.2025 12:17 | C14: Проскурякова Елена Львовна | D14: ООО "РИ-ИНВЕСТ" | F14: 50519-12 | G14: 45749 | H14: 12-9083 | J14: Опубликован | K14: Да | L14: С-ЕЖБ/02-04-2025/429422995 | M14: =IF(COUNTIF(поверки!$H$6:$H$3175,поверки!$H14)>1,"Дубликат","") | N14: =IF(COUNTIF(поверки!$L$6:$L$3175,поверки!$L14)>1,"Дубликат","") | O14: 9 | P14: =CONCATENATE(TEXT(MONTH(поверки!$G14),"00"),"/",TEXT(поверки!$O14,"000"), "/",TEXT(YEAR(поверки!$G14)-2000,"00")) -> 04/009/25 | Q14: =VLOOKUP(поверки!$F14,'соответстиви ОТ типу'!$K$4:$M$344,2,FALSE()) -> Датчик температуры | R14: Кадыков П.Ю. | S14: ТПУ 0304Ех | T14: 1 | U14: =VLOOKUP(поверки!$T14,'Акты п-п'!$C$5:$I$57,2,FALSE()) -> 45748 | V14: =VLOOKUP(поверки!$T14,'Акты п-п'!$C$5:$I$57,3,FALSE()) -> 45751 | W14: =VLOOKUP(поверки!$T14,'Акты п-п'!$C$5:$I$57,5,FALSE()) -> Чупин А.А. | X14: =поверки!$G14-поверки!$U14 -> 1 | Y14: =поверки!$V14-поверки!$G14 -> 2 | Z14: =CONCATENATE(поверки!$Q14," ",поверки!$S14," номер ",поверки!$H14) -> Датчик температуры ТПУ 0304Ех номер 12-9083
B15: 29.04.2025 12:17 | C15: Проскурякова Елена Львовна | D15: ООО "РИ-ИНВЕСТ" | F15: 50519-12 | G15: 45749 | H15: 12-9082 | J15: Опубликован | K15: Да | L15: С-ЕЖБ/02-04-2025/429422993 | N15: =IF(COUNTIF(поверки!$L$6:$L$3175,поверки!$L15)>1,"Дубликат","") | O15: 10 | P15: =CONCATENATE(TEXT(MONTH(поверки!$G15),"00"),"/",TEXT(поверки!$O15,"000"), "/",TEXT(YEAR(поверки!$G15)-2000,"00")) -> 04/010/25 | Q15: =VLOOKUP(поверки!$F15,'соответстиви ОТ типу'!$K$4:$M$344,2,FALSE()) -> Датчик температуры | R15: Кадыков П.Ю. | S15: ТПУ 0304Ех | T15: 1 | U15: =VLOOKUP(поверки!$T15,'Акты п-п'!$C$5:$I$57,2,FALSE()) -> 45748 | V15: =VLOOKUP(поверки!$T15,'Акты п-п'!$C$5:$I$57,3,FALSE()) -> 45751 | W15: =VLOOKUP(поверки!$T15,'Акты п-п'!$C$5:$I$57,5,FALSE()) -> Чупин А.А. | X15: =поверки!$G15-поверки!$U15 -> 1 | Y15: =поверки!$V15-поверки!$G15 -> 2 | Z15: =CONCATENATE(поверки!$Q15," ",поверки!$S15," номер ",поверки!$H15) -> Датчик температуры ТПУ 0304Ех номер 12-9082
B16: 29.04.2025 12:17 | C16: Проскурякова Елена Львовна | D16: ООО "РИ-ИНВЕСТ" | F16: 50519-12 | G16: 45749 | H16: 12-9078 | J16: Опубликован | K16: Да | L16: С-ЕЖБ/02-04-2025/429422991 | N16: =IF(COUNTIF(поверки!$L$6:$L$3175,поверки!$L16)>1,"Дубликат","") | O16: 11 | P16: =CONCATENATE(TEXT(MONTH(поверки!$G16),"00"),"/",TEXT(поверки!$O16,"000"), "/",TEXT(YEAR(поверки!$G16)-2000,"00")) -> 04/011/25 | Q16: =VLOOKUP(поверки!$F16,'соответстиви ОТ типу'!$K$4:$M$344,2,FALSE()) -> Датчик температуры | R16: Кадыков П.Ю. | S16: ТПУ 0304Ех | T16: 1 | U16: =VLOOKUP(поверки!$T16,'Акты п-п'!$C$5:$I$57,2,FALSE()) -> 45748 | V16: =VLOOKUP(поверки!$T16,'Акты п-п'!$C$5:$I$57,3,FALSE()) -> 45751 | W16: =VLOOKUP(поверки!$T16,'Акты п-п'!$C$5:$I$57,5,FALSE()) -> Чупин А.А. | X16: =поверки!$G16-поверки!$U16 -> 1 | Y16: =поверки!$V16-поверки!$G16 -> 2 | Z16: =CONCATENATE(поверки!$Q16," ",поверки!$S16," номер ",поверки!$H16) -> Датчик температуры ТПУ 0304Ех номер 12-9078
B17: 29.04.2025 12:17 | C17: Проскурякова Елена Львовна | D17: ООО "РИ-ИНВЕСТ" | F17: 50519-12 | G17: 45749 | H17: 12-9086 | J17: Опубликован | K17: Да | L17: С-ЕЖБ/02-04-2025/429422990 | N17: =IF(COUNTIF(поверки!$L$6:$L$3175,поверки!$L17)>1,"Дубликат","") | O17: 12 | P17: =CONCATENATE(TEXT(MONTH(поверки!$G17),"00"),"/",TEXT(поверки!$O17,"000"), "/",TEXT(YEAR(поверки!$G17)-2000,"00")) -> 04/012/25 | Q17: =VLOOKUP(поверки!$F17,'соответстиви ОТ типу'!$K$4:$M$344,2,FALSE()) -> Датчик температуры | R17: Кадыков П.Ю. | S17: ТПУ 0304Ех | T17: 1 | U17: =VLOOKUP(поверки!$T17,'Акты п-п'!$C$5:$I$57,2,FALSE()) -> 45748 | V17: =VLOOKUP(поверки!$T17,'Акты п-п'!$C$5:$I$57,3,FALSE()) -> 45751 | W17: =VLOOKUP(поверки!$T17,'Акты п-п'!$C$5:$I$57,5,FALSE()) -> Чупин А.А. | X17: =поверки!$G17-поверки!$U17 -> 1 | Y17: =поверки!$V17-поверки!$G17 -> 2 | Z17: =CONCATENATE(поверки!$Q17," ",поверки!$S17," номер ",поверки!$H17) -> Датчик температуры ТПУ 0304Ех номер 12-9086
B18: 29.04.2025 12:17 | C18: Проскурякова Елена Львовна | D18: ООО "РИ-ИНВЕСТ" | F18: 50519-12 | G18: 45749 | H18: 12-9089 | J18: Опубликован | K18: Да | L18: С-ЕЖБ/02-04-2025/429422986 | N18: =IF(COUNTIF(поверки!$L$6:$L$3175,поверки!$L18)>1,"Дубликат","") | O18: 13 | P18: =CONCATENATE(TEXT(MONTH(поверки!$G18),"00"),"/",TEXT(поверки!$O18,"000"), "/",TEXT(YEAR(поверки!$G18)-2000,"00")) -> 04/013/25 | Q18: =VLOOKUP(поверки!$F18,'соответстиви ОТ типу'!$K$4:$M$344,2,FALSE()) -> Датчик температуры | R18: Кадыков П.Ю. | S18: ТПУ 0304Ех | T18: 1 | U18: =VLOOKUP(поверки!$T18,'Акты п-п'!$C$5:$I$57,2,FALSE()) -> 45748 | V18: =VLOOKUP(поверки!$T18,'Акты п-п'!$C$5:$I$57,3,FALSE()) -> 45751 | W18: =VLOOKUP(поверки!$T18,'Акты п-п'!$C$5:$I$57,5,FALSE()) -> Чупин А.А. | X18: =поверки!$G18-поверки!$U18 -> 1 | Y18: =поверки!$V18-поверки!$G18 -> 2 | Z18: =CONCATENATE(поверки!$Q18," ",поверки!$S18," номер ",поверки!$H18) -> Датчик температуры ТПУ 0304Ех номер 12-9089
B19: 29.04.2025 12:17 | C19: Проскурякова Елена Львовна | D19: ООО "РИ-ИНВЕСТ" | F19: 50519-12 | G19: 45749 | H19: 12-9079 | J19: Опубликован | K19: Да | L19: С-ЕЖБ/02-04-2025/429422977 | N19: =IF(COUNTIF(поверки!$L$6:$L$3175,поверки!$L19)>1,"Дубликат","") | O19: 14 | P19: =CONCATENATE(TEXT(MONTH(поверки!$G19),"00"),"/",TEXT(поверки!$O19,"000"), "/",TEXT(YEAR(поверки!$G19)-2000,"00")) -> 04/014/25 | Q19: =VLOOKUP(поверки!$F19,'соответстиви ОТ типу'!$K$4:$M$344,2,FALSE()) -> Датчик температуры | R19: Кадыков П.Ю. | S19: ТПУ 0304Ех | T19: 1 | U19: =VLOOKUP(поверки!$T19,'Акты п-п'!$C$5:$I$57,2,FALSE()) -> 45748 | V19: =VLOOKUP(поверки!$T19,'Акты п-п'!$C$5:$I$57,3,FALSE()) -> 45751 | W19: =VLOOKUP(поверки!$T19,'Акты п-п'!$C$5:$I$57,5,FALSE()) -> Чупин А.А. | X19: =поверки!$G19-поверки!$U19 -> 1 | Y19: =поверки!$V19-поверки!$G19 -> 2 | Z19: =CONCATENATE(поверки!$Q19," ",поверки!$S19," номер ",поверки!$H19) -> Датчик температуры ТПУ 0304Ех номер 12-9079
B20: 29.04.2025 12:17 | C20: Проскурякова Елена Львовна | D20: ООО "РИ-ИНВЕСТ" | F20: 28033-05 | G20: 45749 | H20: 02244553/03221492 | J20: Опубликован | K20: Да | L20: С-ЕЖБ/02-04-2025/429422975 | N20: =IF(COUNTIF(поверки!$L$6:$L$3175,поверки!$L20)>1,"Дубликат","") | O20: 15 | P20: =CONCATENATE(TEXT(MONTH(поверки!$G20),"00"),"/",TEXT(поверки!$O20,"000"), "/",TEXT(YEAR(поверки!$G20)-2000,"00")) -> 04/015/25 | Q20: =VLOOKUP(поверки!$F20,'соответстиви ОТ типу'!$K$4:$M$344,2,FALSE()) -> Датчик температуры | R20: Кадыков П.Ю. | S20: 248 | T20: 1 | U20: =VLOOKUP(поверки!$T20,'Акты п-п'!$C$5:$I$57,2,FALSE()) -> 45748 | V20: =VLOOKUP(поверки!$T20,'Акты п-п'!$C$5:$I$57,3,FALSE()) -> 45751 | W20: =VLOOKUP(поверки!$T20,'Акты п-п'!$C$5:$I$57,5,FALSE()) -> Чупин А.А. | X20: =поверки!$G20-поверки!$U20 -> 1 | Y20: =поверки!$V20-поверки!$G20 -> 2 | Z20: =CONCATENATE(поверки!$Q20," ",поверки!$S20," номер ",поверки!$H20) -> Датчик температуры 248 номер 02244553/03221492
B21: 29.04.2025 12:17 | C21: Проскурякова Елена Львовна | D21: ООО "РИ-ИНВЕСТ" | F21: 28033-05 | G21: 45749 | H21: 02244527/03221466 | J21: Опубликован | K21: Да | L21: С-ЕЖБ/02-04-2025/429422974 | N21: =IF(COUNTIF(поверки!$L$6:$L$3175,поверки!$L21)>1,"Дубликат","") | O21: 16 | P21: =CONCATENATE(TEXT(MONTH(поверки!$G21),"00"),"/",TEXT(поверки!$O21,"000"), "/",TEXT(YEAR(поверки!$G21)-2000,"00")) -> 04/016/25 | Q21: =VLOOKUP(поверки!$F21,'соответстиви ОТ типу'!$K$4:$M$344,2,FALSE()) -> Датчик температуры | R21: Кадыков П.Ю. | S21: 248 | T21: 1 | U21: =VLOOKUP(поверки!$T21,'Акты п-п'!$C$5:$I$57,2,FALSE()) -> 45748 | V21: =VLOOKUP(поверки!$T21,'Акты п-п'!$C$5:$I$57,3,FALSE()) -> 45751 | W21: =VLOOKUP(поверки!$T21,'Акты п-п'!$C$5:$I$57,5,FALSE()) -> Чупин А.А. | X21: =поверки!$G21-поверки!$U21 -> 1 | Y21: =поверки!$V21-поверки!$G21 -> 2 | Z21: =CONCATENATE(поверки!$Q21," ",поверки!$S21," номер ",поверки!$H21) -> Датчик температуры 248 номер 02244527/03221466
B22: 29.04.2025 12:17 | C22: Проскурякова Елена Львовна | D22: ООО "РИ-ИНВЕСТ" | F22: 28033-05 | G22: 45749 | H22: 02244851/03221643 | J22: Опубликован | K22: Да | L22: С-ЕЖБ/02-04-2025/429422972 | N22: =IF(COUNTIF(поверки!$L$6:$L$3175,поверки!$L22)>1,"Дубликат","") | O22: 17 | P22: =CONCATENATE(TEXT(MONTH(поверки!$G22),"00"),"/",TEXT(поверки!$O22,"000"), "/",TEXT(YEAR(поверки!$G22)-2000,"00")) -> 04/017/25 | Q22: =VLOOKUP(поверки!$F22,'соответстиви ОТ типу'!$K$4:$M$344,2,FALSE()) -> Датчик температуры | R22: Кадыков П.Ю. | S22: 248 | T22: 1 | U22: =VLOOKUP(поверки!$T22,'Акты п-п'!$C$5:$I$57,2,FALSE()) -> 45748 | V22: =VLOOKUP(поверки!$T22,'Акты п-п'!$C$5:$I$57,3,FALSE()) -> 45751 | W22: =VLOOKUP(поверки!$T22,'Акты п-п'!$C$5:$I$57,5,FALSE()) -> Чупин А.А. | X22: =поверки!$G22-поверки!$U22 -> 1 | Y22: =поверки!$V22-поверки!$G22 -> 2 | Z22: =CONCATENATE(поверки!$Q22," ",поверки!$S22," номер ",поверки!$H22) -> Датчик температуры 248 номер 02244851/03221643
B23: 29.04.2025 12:17 | C23: Проскурякова Елена Львовна | D23: ООО "РИ-ИНВЕСТ" | F23: 28033-05 | G23: 45749 | H23: 02299123/03251332 | J23: Опубликован | K23: Да | L23: С-ЕЖБ/02-04-2025/429422971 | N23: =IF(COUNTIF(поверки!$L$6:$L$3175,поверки!$L23)>1,"Дубликат","") | O23: 18 | P23: =CONCATENATE(TEXT(MONTH(поверки!$G23),"00"),"/",TEXT(поверки!$O23,"000"), "/",TEXT(YEAR(поверки!$G23)-2000,"00")) -> 04/018/25 | Q23: =VLOOKUP(поверки!$F23,'соответстиви ОТ типу'!$K$4:$M$344,2,FALSE()) -> Датчик температуры | R23: Кадыков П.Ю. | S23: 248 | T23: 1 | U23: =VLOOKUP(поверки!$T23,'Акты п-п'!$C$5:$I$57,2,FALSE()) -> 45748 | V23: =VLOOKUP(поверки!$T23,'Акты п-п'!$C$5:$I$57,3,FALSE()) -> 45751 | W23: =VLOOKUP(поверки!$T23,'Акты п-п'!$C$5:$I$57,5,FALSE()) -> Чупин А.А. | X23: =поверки!$G23-поверки!$U23 -> 1 | Y23: =поверки!$V23-поверки!$G23 -> 2 | Z23: =CONCATENATE(поверки!$Q23," ",поверки!$S23," номер ",поверки!$H23) -> Датчик температуры 248 номер 02299123/03251332
B24: 29.04.2025 12:17 | C24: Проскурякова Елена Львовна | D24: ООО "РИ-ИНВЕСТ" | F24: 57175-14 | G24: 45749 | H24: 3631-2-1 | J24: Опубликован | K24: Да | L24: С-ЕЖБ/02-04-2025/429422970 | N24: =IF(COUNTIF(поверки!$L$6:$L$3175,поверки!$L24)>1,"Дубликат","") | O24: 19 | P24: =CONCATENATE(TEXT(MONTH(поверки!$G24),"00"),"/",TEXT(поверки!$O24,"000"), "/",TEXT(YEAR(поверки!$G24)-2000,"00")) -> 04/019/25 | Q24: =VLOOKUP(поверки!$F24,'соответстиви ОТ типу'!$K$4:$M$344,2,FALSE()) -> Датчик температуры | R24: Кадыков П.Ю. | S24: ТСПТ 100-028 | T24: 1 | U24: =VLOOKUP(поверки!$T24,'Акты п-п'!$C$5:$I$57,2,FALSE()) -> 45748 | V24: =VLOOKUP(поверки!$T24,'Акты п-п'!$C$5:$I$57,3,FALSE()) -> 45751 | W24: =VLOOKUP(поверки!$T24,'Акты п-п'!$C$5:$I$57,5,FALSE()) -> Чупин А.А. | X24: =поверки!$G24-поверки!$U24 -> 1 | Y24: =поверки!$V24-поверки!$G24 -> 2 | Z24: =CONCATENATE(поверки!$Q24," ",поверки!$S24," номер ",поверки!$H24) -> Датчик температуры ТСПТ 100-028 номер 3631-2-1
B25: 29.04.2025 12:17 | C25: Проскурякова Елена Львовна | D25: ООО "РИ-ИНВЕСТ" | F25: 50958-12 | G25: 45749 | H25: 830430 | J25: Опубликован | K25: Да | L25: С-ЕЖБ/02-04-2025/429422968 | N25: =IF(COUNTIF(поверки!$L$6:$L$3175,поверки!$L25)>1,"Дубликат","") | O25: 20 | P25: =CONCATENATE(TEXT(MONTH(поверки!$G25),"00"),"/",TEXT(поверки!$O25,"000"), "/",TEXT(YEAR(поверки!$G25)-2000,"00")) -> 04/020/25 | Q25: =VLOOKUP(поверки!$F25,'соответстиви ОТ типу'!$K$4:$M$344,2,FALSE()) -> Преобразователь вторичный | R25: Кадыков П.Ю. | S25: T32.1S | T25: 1 | U25: =VLOOKUP(поверки!$T25,'Акты п-п'!$C$5:$I$57,2,FALSE()) -> 45748 | V25: =VLOOKUP(поверки!$T25,'Акты п-п'!$C$5:$I$57,3,FALSE()) -> 45751 | W25: =VLOOKUP(поверки!$T25,'Акты п-п'!$C$5:$I$57,5,FALSE()) -> Чупин А.А. | X25: =поверки!$G25-поверки!$U25 -> 1 | Y25: =поверки!$V25-поверки!$G25 -> 2 | Z25: =CONCATENATE(поверки!$Q25," ",поверки!$S25," номер ",поверки!$H25) -> Преобразователь вторичный T32.1S номер 830430
B26: 29.04.2025 12:17 | C26: Проскурякова Елена Львовна | D26: ООО "РИ-ИНВЕСТ" | F26: 47279-11 | G26: 45749 | H26: 1103TS56 | J26: Опубликован | K26: Да | L26: С-ЕЖБ/02-04-2025/429422966 | N26: =IF(COUNTIF(поверки!$L$6:$L$3175,поверки!$L26)>1,"Дубликат","") | O26: 21 | P26: =CONCATENATE(TEXT(MONTH(поверки!$G26),"00"),"/",TEXT(поверки!$O26,"000"), "/",TEXT(YEAR(поверки!$G26)-2000,"00")) -> 04/021/25 | Q26: =VLOOKUP(поверки!$F26,'соответстиви ОТ типу'!$K$4:$M$344,2,FALSE()) -> ТСП | R26: Кадыков П.Ю. | S26: TR55 | T26: 1 | U26: =VLOOKUP(поверки!$T26,'Акты п-п'!$C$5:$I$57,2,FALSE()) -> 45748 | V26: =VLOOKUP(поверки!$T26,'Акты п-п'!$C$5:$I$57,3,FALSE()) -> 45751 | W26: =VLOOKUP(поверки!$T26,'Акты п-п'!$C$5:$I$57,5,FALSE()) -> Чупин А.А. | X26: =поверки!$G26-поверки!$U26 -> 1 | Y26: =поверки!$V26-поверки!$G26 -> 2 | Z26: =CONCATENATE(поверки!$Q26," ",поверки!$S26," номер ",поверки!$H26) -> ТСП TR55 номер 1103TS56
B27: 29.04.2025 12:17 | C27: Проскурякова Елена Львовна | D27: ООО "РИ-ИНВЕСТ" | F27: 50958-12 | G27: 45749 | H27: 850017 | J27: Опубликован | K27: Да | L27: С-ЕЖБ/02-04-2025/429422965 | N27: =IF(COUNTIF(поверки!$L$6:$L$3175,поверки!$L27)>1,"Дубликат","") | O27: 22 | P27: =CONCATENATE(TEXT(MONTH(поверки!$G27),"00"),"/",TEXT(поверки!$O27,"000"), "/",TEXT(YEAR(поверки!$G27)-2000,"00")) -> 04/022/25 | Q27: =VLOOKUP(поверки!$F27,'соответстиви ОТ типу'!$K$4:$M$344,2,FALSE()) -> Преобразователь вторичный | R27: Кадыков П.Ю. | S27: T32.1S | T27: 1 | U27: =VLOOKUP(поверки!$T27,'Акты п-п'!$C$5:$I$57,2,FALSE()) -> 45748 | V27: =VLOOKUP(поверки!$T27,'Акты п-п'!$C$5:$I$57,3,FALSE()) -> 45751 | W27: =VLOOKUP(поверки!$T27,'Акты п-п'!$C$5:$I$57,5,FALSE()) -> Чупин А.А. | X27: =поверки!$G27-поверки!$U27 -> 1 | Y27: =поверки!$V27-поверки!$G27 -> 2 | Z27: =CONCATENATE(поверки!$Q27," ",поверки!$S27," номер ",поверки!$H27) -> Преобразователь вторичный T32.1S номер 850017
B28: 29.04.2025 12:17 | C28: Проскурякова Елена Львовна | D28: ООО "РИ-ИНВЕСТ" | F28: 47279-11 | G28: 45749 | H28: 1104F2G7 | J28: Опубликован | K28: Да | L28: С-ЕЖБ/02-04-2025/429422963 | N28: =IF(COUNTIF(поверки!$L$6:$L$3175,поверки!$L28)>1,"Дубликат","") | O28: 23 | P28: =CONCATENATE(TEXT(MONTH(поверки!$G28),"00"),"/",TEXT(поверки!$O28,"000"), "/",TEXT(YEAR(поверки!$G28)-2000,"00")) -> 04/023/25 | Q28: =VLOOKUP(поверки!$F28,'соответстиви ОТ типу'!$K$4:$M$344,2,FALSE()) -> ТСП | R28: Кадыков П.Ю. | S28: TR55 | T28: 1 | U28: =VLOOKUP(поверки!$T28,'Акты п-п'!$C$5:$I$57,2,FALSE()) -> 45748 | V28: =VLOOKUP(поверки!$T28,'Акты п-п'!$C$5:$I$57,3,FALSE()) -> 45751 | W28: =VLOOKUP(поверки!$T28,'Акты п-п'!$C$5:$I$57,5,FALSE()) -> Чупин А.А. | X28: =поверки!$G28-поверки!$U28 -> 1 | Y28: =поверки!$V28-поверки!$G28 -> 2 | Z28: =CONCATENATE(поверки!$Q28," ",поверки!$S28," номер ",поверки!$H28) -> ТСП TR55 номер 1104F2G7
B29: 29.04.2025 12:17 | C29: Проскурякова Елена Львовна | D29: ООО "РИ-ИНВЕСТ" | F29: 50958-12 | G29: 45749 | H29: 850370 | J29: Опубликован | K29: Да | L29: С-ЕЖБ/02-04-2025/429422962 | N29: =IF(COUNTIF(поверки!$L$6:$L$3175,поверки!$L29)>1,"Дубликат","") | O29: 24 | P29: =CONCATENATE(TEXT(MONTH(поверки!$G29),"00"),"/",TEXT(поверки!$O29,"000"), "/",TEXT(YEAR(поверки!$G29)-2000,"00")) -> 04/024/25 | Q29: =VLOOKUP(поверки!$F29,'соответстиви ОТ типу'!$K$4:$M$344,2,FALSE()) -> Преобразователь вторичный | R29: Кадыков П.Ю. | S29: T32.1S | T29: 1 | U29: =VLOOKUP(поверки!$T29,'Акты п-п'!$C$5:$I$57,2,FALSE()) -> 45748 | V29: =VLOOKUP(поверки!$T29,'Акты п-п'!$C$5:$I$57,3,FALSE()) -> 45751 | W29: =VLOOKUP(поверки!$T29,'Акты п-п'!$C$5:$I$57,5,FALSE()) -> Чупин А.А. | X29: =поверки!$G29-поверки!$U29 -> 1 | Y29: =поверки!$V29-поверки!$G29 -> 2 | Z29: =CONCATENATE(поверки!$Q29," ",поверки!$S29," номер ",поверки!$H29) -> Преобразователь вторичный T32.1S номер 850370
B30: 29.04.2025 12:17 | C30: Проскурякова Елена Львовна | D30: ООО "РИ-ИНВЕСТ" | F30: 47279-11 | G30: 45749 | H30: 1104F2G8 | J30: Опубликован | K30: Да | L30: С-ЕЖБ/02-04-2025/429422960 | N30: =IF(COUNTIF(поверки!$L$6:$L$3175,поверки!$L30)>1,"Дубликат","") | O30: 25 | P30: =CONCATENATE(TEXT(MONTH(поверки!$G30),"00"),"/",TEXT(поверки!$O30,"000"), "/",TEXT(YEAR(поверки!$G30)-2000,"00")) -> 04/025/25 | Q30: =VLOOKUP(поверки!$F30,'соответстиви ОТ типу'!$K$4:$M$344,2,FALSE()) -> ТСП | R30: Кадыков П.Ю. | S30: TR55 | T30: 1 | U30: =VLOOKUP(поверки!$T30,'Акты п-п'!$C$5:$I$57,2,FALSE()) -> 45748 | V30: =VLOOKUP(поверки!$T30,'Акты п-п'!$C$5:$I$57,3,FALSE()) -> 45751 | W30: =VLOOKUP(поверки!$T30,'Акты п-п'!$C$5:$I$57,5,FALSE()) -> Чупин А.А. | X30: =поверки!$G30-поверки!$U30 -> 1 | Y30: =поверки!$V30-поверки!$G30 -> 2 | Z30: =CONCATENATE(поверки!$Q30," ",поверки!$S30," номер ",поверки!$H30) -> ТСП TR55 номер 1104F2G8
B31: 29.04.2025 12:17 | C31: Проскурякова Елена Львовна | D31: ООО "РИ-ИНВЕСТ" | F31: 50138-12 | G31: 45749 | H31: J501701426C | J31: Опубликован | K31: Да | L31: С-ЕЖБ/02-04-2025/429422959 | N31: =IF(COUNTIF(поверки!$L$6:$L$3175,поверки!$L31)>1,"Дубликат","") | O31: 26 | P31: =CONCATENATE(TEXT(MONTH(поверки!$G31),"00"),"/",TEXT(поверки!$O31,"000"), "/",TEXT(YEAR(поверки!$G31)-2000,"00")) -> 04/026/25 | Q31: =VLOOKUP(поверки!$F31,'соответстиви ОТ типу'!$K$4:$M$344,2,FALSE()) -> Преобразователь измерительный | R31: Чупин А.А. | S31: iTEMP мод.TMT82 | T31: 1 | U31: =VLOOKUP(поверки!$T31,'Акты п-п'!$C$5:$I$57,2,FALSE()) -> 45748 | V31: =VLOOKUP(поверки!$T31,'Акты п-п'!$C$5:$I$57,3,FALSE()) -> 45751 | W31: =VLOOKUP(поверки!$T31,'Акты п-п'!$C$5:$I$57,5,FALSE()) -> Чупин А.А. | X31: =поверки!$G31-поверки!$U31 -> 1 | Y31: =поверки!$V31-поверки!$G31 -> 2 | Z31: =CONCATENATE(поверки!$Q31," ",поверки!$S31," номер ",поверки!$H31) -> Преобразователь измерительный iTEMP мод.TMT82 номер J501701426C
B32: 29.04.2025 12:17 | C32: Проскурякова Елена Львовна | D32: ООО "РИ-ИНВЕСТ" | F32: 49519-12 | G32: 45749 | H32: J500181430B | J32: Опубликован | K32: Да | L32: С-ЕЖБ/02-04-2025/429422957 | N32: =IF(COUNTIF(поверки!$L$6:$L$3175,поверки!$L32)>1,"Дубликат","") | O32: 27 | P32: =CONCATENATE(TEXT(MONTH(поверки!$G32),"00"),"/",TEXT(поверки!$O32,"000"), "/",TEXT(YEAR(поверки!$G32)-2000,"00")) -> 04/027/25 | Q32: =VLOOKUP(поверки!$F32,'соответстиви ОТ типу'!$K$4:$M$344,2,FALSE()) -> ТСП | R32: Чупин А.А. | S32: TR65 | T32: 1 | U32: =VLOOKUP(поверки!$T32,'Акты п-п'!$C$5:$I$57,2,FALSE()) -> 45748 | V32: =VLOOKUP(поверки!$T32,'Акты п-п'!$C$5:$I$57,3,FALSE()) -> 45751 | W32: =VLOOKUP(поверки!$T32,'Акты п-п'!$C$5:$I$57,5,FALSE()) -> Чупин А.А. | X32: =поверки!$G32-поверки!$U32 -> 1 | Y32: =поверки!$V32-поверки!$G32 -> 2 | Z32: =CONCATENATE(поверки!$Q32," ",поверки!$S32," номер ",поверки!$H32) -> ТСП TR65 номер J500181430B
B33: 29.04.2025 12:17 | C33: Проскурякова Елена Львовна | D33: ООО "РИ-ИНВЕСТ" | F33: 50138-12 | G33: 45749 | H33: J5016F1426C | J33: Опубликован | K33: Да | L33: С-ЕЖБ/02-04-2025/429422956 | N33: =IF(COUNTIF(поверки!$L$6:$L$3175,поверки!$L33)>1,"Дубликат","") | O33: 28 | P33: =CONCATENATE(TEXT(MONTH(поверки!$G33),"00"),"/",TEXT(поверки!$O33,"000"), "/",TEXT(YEAR(поверки!$G33)-2000,"00")) -> 04/028/25 | Q33: =VLOOKUP(поверки!$F33,'соответстиви ОТ типу'!$K$4:$M$344,2,FALSE()) -> Преобразователь измерительный | R33: Чупин А.А. | S33: iTEMP мод.TMT82 | T33: 1 | U33: =VLOOKUP(поверки!$T33,'Акты п-п'!$C$5:$I$57,2,FALSE()) -> 45748 | V33: =VLOOKUP(поверки!$T33,'Акты п-п'!$C$5:$I$57,3,FALSE()) -> 45751 | W33: =VLOOKUP(поверки!$T33,'Акты п-п'!$C$5:$I$57,5,FALSE()) -> Чупин А.А. | X33: =поверки!$G33-поверки!$U33 -> 1 | Y33: =поверки!$V33-поверки!$G33 -> 2 | Z33: =CONCATENATE(поверки!$Q33," ",поверки!$S33," номер ",поверки!$H33) -> Преобразователь измерительный iTEMP мод.TMT82 номер J5016F1426C
B34: 29.04.2025 12:17 | C34: Проскурякова Елена Львовна | D34: ООО "РИ-ИНВЕСТ" | F34: 49519-12 | G34: 45749 | H34: J500141430B | J34: Опубликован | K34: Да | L34: С-ЕЖБ/02-04-2025/429422954 | N34: =IF(COUNTIF(поверки!$L$6:$L$3175,поверки!$L34)>1,"Дубликат","") | O34: 29 | P34: =CONCATENATE(TEXT(MONTH(поверки!$G34),"00"),"/",TEXT(поверки!$O34,"000"), "/",TEXT(YEAR(поверки!$G34)-2000,"00")) -> 04/029/25 | Q34: =VLOOKUP(поверки!$F34,'соответстиви ОТ типу'!$K$4:$M$344,2,FALSE()) -> ТСП | R34: Чупин А.А. | S34: TR65 | T34: 1 | U34: =VLOOKUP(поверки!$T34,'Акты п-п'!$C$5:$I$57,2,FALSE()) -> 45748 | V34: =VLOOKUP(поверки!$T34,'Акты п-п'!$C$5:$I$57,3,FALSE()) -> 45751 | W34: =VLOOKUP(поверки!$T34,'Акты п-п'!$C$5:$I$57,5,FALSE()) -> Чупин А.А. | X34: =поверки!$G34-поверки!$U34 -> 1 | Y34: =поверки!$V34-поверки!$G34 -> 2 | Z34: =CONCATENATE(поверки!$Q34," ",поверки!$S34," номер ",поверки!$H34) -> ТСП TR65 номер J500141430B
B35: 29.04.2025 12:17 | C35: Проскурякова Елена Львовна | D35: ООО "РИ-ИНВЕСТ" | F35: 50138-12 | G35: 45749 | H35: J5016D1426C | J35: Опубликован | K35: Да | L35: С-ЕЖБ/02-04-2025/429422953 | N35: =IF(COUNTIF(поверки!$L$6:$L$3175,поверки!$L35)>1,"Дубликат","") | O35: 30 | P35: =CONCATENATE(TEXT(MONTH(поверки!$G35),"00"),"/",TEXT(поверки!$O35,"000"), "/",TEXT(YEAR(поверки!$G35)-2000,"00")) -> 04/030/25 | Q35: =VLOOKUP(поверки!$F35,'соответстиви ОТ типу'!$K$4:$M$344,2,FALSE()) -> Преобразователь измерительный | R35: Чупин А.А. | S35: iTEMP мод.TMT82 | T35: 1 | U35: =VLOOKUP(поверки!$T35,'Акты п-п'!$C$5:$I$57,2,FALSE()) -> 45748 | V35: =VLOOKUP(поверки!$T35,'Акты п-п'!$C$5:$I$57,3,FALSE()) -> 45751 | W35: =VLOOKUP(поверки!$T35,'Акты п-п'!$C$5:$I$57,5,FALSE()) -> Чупин А.А. | X35: =поверки!$G35-поверки!$U35 -> 1 | Y35: =поверки!$V35-поверки!$G35 -> 2 | Z35: =CONCATENATE(поверки!$Q35," ",поверки!$S35," номер ",поверки!$H35) -> Преобразователь измерительный iTEMP мод.TMT82 номер J5016D1426C
... B42: 29.04.2025 12:17 | C42: Проскурякова Елена Львовна | D42: ООО "РИ-ИНВЕСТ" | F42: 26239-06 | G42: 45749 | H42: D70041142FC | J42: Опубликован | K42: Да | L42: С-ЕЖБ/02-04-2025/429422942 | N42: =IF(COUNTIF(поверки!$L$6:$L$3175,поверки!$L42)>1,"Дубликат","") | O42: 37 | P42: =CONCATENATE(TEXT(MONTH(поверки!$G42),"00"),"/",TEXT(поверки!$O42,"000"), "/",TEXT(YEAR(поверки!$G42)-2000,"00")) -> 04/037/25 | Q42: =VLOOKUP(поверки!$F42,'соответстиви ОТ типу'!$K$4:$M$344,2,FALSE()) -> ТСП | R42: Чупин А.А. | S42: TR61 | T42: 1 | U42: =VLOOKUP(поверки!$T42,'Акты п-п'!$C$5:$I$57,2,FALSE()) -> 45748 | V42: =VLOOKUP(поверки!$T42,'Акты п-п'!$C$5:$I$57,3,FALSE()) -> 45751 | W42: =VLOOKUP(поверки!$T42,'Акты п-п'!$C$5:$I$57,5,FALSE()) -> Чупин А.А. | X42: =поверки!$G42-поверки!$U42 -> 1 | Y42: =поверки!$V42-поверки!$G42 -> 2 | Z42: =CONCATENATE(поверки!$Q42," ",поверки!$S42," номер ",поверки!$H42) -> ТСП TR61 номер D70041142FC
B43: 29.04.2025 12:17 | C43: Проскурякова Елена Львовна | D43: ООО "РИ-ИНВЕСТ" | F43: 48988-12 | G43: 45749 | H43: 09904095 | J43: Опубликован | K43: Да | L43: С-ЕЖБ/02-04-2025/429422940 | N43: =IF(COUNTIF(поверки!$L$6:$L$3175,поверки!$L43)>1,"Дубликат","") | O43: 38 | P43: =CONCATENATE(TEXT(MONTH(поверки!$G43),"00"),"/",TEXT(поверки!$O43,"000"), "/",TEXT(YEAR(поверки!$G43)-2000,"00")) -> 04/038/25 | Q43: =VLOOKUP(поверки!$F43,'соответстиви ОТ типу'!$K$4:$M$344,2,FALSE()) -> Преобразователь измерительный | R43: Чупин А.А. | S43: 248 | T43: 1 | U43: =VLOOKUP(поверки!$T43,'Акты п-п'!$C$5:$I$57,2,FALSE()) -> 45748 | V43: =VLOOKUP(поверки!$T43,'Акты п-п'!$C$5:$I$57,3,FALSE()) -> 45751 | W43: =VLOOKUP(поверки!$T43,'Акты п-п'!$C$5:$I$57,5,FALSE()) -> Чупин А.А. | X43: =поверки!$G43-поверки!$U43 -> 1 | Y43: =поверки!$V43-поверки!$G43 -> 2 | Z43: =CONCATENATE(поверки!$Q43," ",поверки!$S43," номер ",поверки!$H43) -> Преобразователь измерительный 248 номер 09904095
B44: 29.04.2025 12:17 | C44: Проскурякова Елена Львовна | D44: ООО "РИ-ИНВЕСТ" | F44: 58808-14 | G44: 45749 | H44: 7397 | J44: Опубликован | K44: Да | L44: С-ЕЖБ/02-04-2025/429422939 | N44: =IF(COUNTIF(поверки!$L$6:$L$3175,поверки!$L44)>1,"Дубликат","") | O44: 39 | P44: =CONCATENATE(TEXT(MONTH(поверки!$G44),"00"),"/",TEXT(поверки!$O44,"000"), "/",TEXT(YEAR(поверки!$G44)-2000,"00")) -> 04/039/25 | Q44: =VLOOKUP(поверки!$F44,'соответстиви ОТ типу'!$K$4:$M$344,2,FALSE()) -> ТСП | R44: Чупин А.А. | S44: ТС-1088/1 | T44: 1 | U44: =VLOOKUP(поверки!$T44,'Акты п-п'!$C$5:$I$57,2,FALSE()) -> 45748 | V44: =VLOOKUP(поверки!$T44,'Акты п-п'!$C$5:$I$57,3,FALSE()) -> 45751 | W44: =VLOOKUP(поверки!$T44,'Акты п-п'!$C$5:$I$57,5,FALSE()) -> Чупин А.А. | X44: =поверки!$G44-поверки!$U44 -> 1 | Y44: =поверки!$V44-поверки!$G44 -> 2 | Z44: =CONCATENATE(поверки!$Q44," ",поверки!$S44," номер ",поверки!$H44) -> ТСП ТС-1088/1 номер 7397
B45: 29.04.2025 12:17 | C45: Проскурякова Елена Львовна | D45: ООО "РИ-ИНВЕСТ" | F45: 49519-12 | G45: 45749 | H45: H9027514150 | J45: Опубликован | K45: Да | L45: С-ЕЖБ/02-04-2025/429422938 | M45: =IF(COUNTIF(поверки!$H$6:$H$3175,поверки!$H45)>1,"Дубликат","") | N45: =IF(COUNTIF(поверки!$L$6:$L$3175,поверки!$L45)>1,"Дубликат","") | O45: 40 | P45: =CONCATENATE(TEXT(MONTH(поверки!$G45),"00"),"/",TEXT(поверки!$O45,"000"), "/",TEXT(YEAR(поверки!$G45)-2000,"00")) -> 04/040/25 | Q45: =VLOOKUP(поверки!$F45,'соответстиви ОТ типу'!$K$4:$M$344,2,FALSE()) -> ТСП | R45: Чупин А.А. | S45: TR24 | T45: 1 | U45: =VLOOKUP(поверки!$T45,'Акты п-п'!$C$5:$I$57,2,FALSE()) -> 45748 | V45: =VLOOKUP(поверки!$T45,'Акты п-п'!$C$5:$I$57,3,FALSE()) -> 45751 | W45: =VLOOKUP(поверки!$T45,'Акты п-п'!$C$5:$I$57,5,FALSE()) -> Чупин А.А. | X45: =поверки!$G45-поверки!$U45 -> 1 | Y45: =поверки!$V45-поверки!$G45 -> 2 | Z45: =CONCATENATE(поверки!$Q45," ",поверки!$S45," номер ",поверки!$H45) -> ТСП TR24 номер H9027514150
B46: 29.04.2025 12:17 | C46: Проскурякова Елена Львовна | D46: ООО "РИ-ИНВЕСТ" | F46: 49519-12 | G46: 45749 | H46: H9026814150 | J46: Опубликован | K46: Да | L46: С-ЕЖБ/02-04-2025/429422936 | M46: =IF(COUNTIF(поверки!$H$6:$H$3175,поверки!$H46)>1,"Дубликат","") | N46: =IF(COUNTIF(поверки!$L$6:$L$3175,поверки!$L46)>1,"Дубликат","") | O46: 41 | P46: =CONCATENATE(TEXT(MONTH(поверки!$G46),"00"),"/",TEXT(поверки!$O46,"000"), "/",TEXT(YEAR(поверки!$G46)-2000,"00")) -> 04/041/25 | Q46: =VLOOKUP(поверки!$F46,'соответстиви ОТ типу'!$K$4:$M$344,2,FALSE()) -> ТСП | R46: Чупин А.А. | S46: TR24 | T46: 1 | U46: =VLOOKUP(поверки!$T46,'Акты п-п'!$C$5:$I$57,2,FALSE()) -> 45748 | V46: =VLOOKUP(поверки!$T46,'Акты п-п'!$C$5:$I$57,3,FALSE()) -> 45751 | W46: =VLOOKUP(поверки!$T46,'Акты п-п'!$C$5:$I$57,5,FALSE()) -> Чупин А.А. | X46: =поверки!$G46-поверки!$U46 -> 1 | Y46: =поверки!$V46-поверки!$G46 -> 2 | Z46: =CONCATENATE(поверки!$Q46," ",поверки!$S46," номер ",поверки!$H46) -> ТСП TR24 номер H9026814150
B47: 29.04.2025 12:17 | C47: Проскурякова Елена Львовна | D47: ООО "РИ-ИНВЕСТ" | F47: 22257-05 | G47: 45749 | H47: 3175053 | J47: Опубликован | K47: Да | L47: С-ЕЖБ/02-04-2025/429422935 | M47: =IF(COUNTIF(поверки!$H$6:$H$3175,поверки!$H47)>1,"Дубликат","") | N47: =IF(COUNTIF(поверки!$L$6:$L$3175,поверки!$L47)>1,"Дубликат","") | O47: 42 | P47: =CONCATENATE(TEXT(MONTH(поверки!$G47),"00"),"/",TEXT(поверки!$O47,"000"), "/",TEXT(YEAR(поверки!$G47)-2000,"00")) -> 04/042/25 | Q47: =VLOOKUP(поверки!$F47,'соответстиви ОТ типу'!$K$4:$M$344,2,FALSE()) -> ТСП | R47: Чупин А.А. | S47: серии 65 | T47: 1 | U47: =VLOOKUP(поверки!$T47,'Акты п-п'!$C$5:$I$57,2,FALSE()) -> 45748 | V47: =VLOOKUP(поверки!$T47,'Акты п-п'!$C$5:$I$57,3,FALSE()) -> 45751 | W47: =VLOOKUP(поверки!$T47,'Акты п-п'!$C$5:$I$57,5,FALSE()) -> Чупин А.А. | X47: =поверки!$G47-поверки!$U47 -> 1 | Y47: =поверки!$V47-поверки!$G47 -> 2 | Z47: =CONCATENATE(поверки!$Q47," ",поверки!$S47," номер ",поверки!$H47) -> ТСП серии 65 номер 3175053
B48: 29.04.2025 12:17 | C48: Проскурякова Елена Львовна | D48: ООО "РИ-ИНВЕСТ" | F48: 50138-12 | G48: 45749 | H48: F602430426C | J48: Опубликован | K48: Да | L48: С-ЕЖБ/02-04-2025/429422933 | M48: =IF(COUNTIF(поверки!$H$6:$H$3175,поверки!$H48)>1,"Дубликат","") | N48: =IF(COUNTIF(поверки!$L$6:$L$3175,поверки!$L48)>1,"Дубликат","") | O48: 43 | P48: =CONCATENATE(TEXT(MONTH(поверки!$G48),"00"),"/",TEXT(поверки!$O48,"000"), "/",TEXT(YEAR(поверки!$G48)-2000,"00")) -> 04/043/25 | Q48: =VLOOKUP(поверки!$F48,'соответстиви ОТ типу'!$K$4:$M$344,2,FALSE()) -> Преобразователь измерительный | R48: Чупин А.А. | S48: iTEMP мод.TMT82 | T48: 1 | U48: =VLOOKUP(поверки!$T48,'Акты п-п'!$C$5:$I$57,2,FALSE()) -> 45748 | V48: =VLOOKUP(поверки!$T48,'Акты п-п'!$C$5:$I$57,3,FALSE()) -> 45751 | W48: =VLOOKUP(поверки!$T48,'Акты п-п'!$C$5:$I$57,5,FALSE()) -> Чупин А.А. | X48: =поверки!$G48-поверки!$U48 -> 1 | Y48: =поверки!$V48-поверки!$G48 -> 2 | Z48: =CONCATENATE(поверки!$Q48," ",поверки!$S48," номер ",поверки!$H48) -> Преобразователь измерительный iTEMP мод.TMT82 номер F602430426C
B49: 29.04.2025 12:17 | C49: Проскурякова Елена Львовна | D49: ООО "РИ-ИНВЕСТ" | F49: 50138-12 | G49: 45749 | H49: F602480426C | J49: Опубликован | K49: Да | L49: С-ЕЖБ/02-04-2025/429422932 | M49: =IF(COUNTIF(поверки!$H$6:$H$3175,поверки!$H49)>1,"Дубликат","") | N49: =IF(COUNTIF(поверки!$L$6:$L$3175,поверки!$L49)>1,"Дубликат","") | O49: 44 | P49: =CONCATENATE(TEXT(MONTH(поверки!$G49),"00"),"/",TEXT(поверки!$O49,"000"), "/",TEXT(YEAR(поверки!$G49)-2000,"00")) -> 04/044/25 | Q49: =VLOOKUP(поверки!$F49,'соответстиви ОТ типу'!$K$4:$M$344,2,FALSE()) -> Преобразователь измерительный | R49: Большаков С.Н. | S49: iTEMP мод.TMT82 | T49: 1 | U49: =VLOOKUP(поверки!$T49,'Акты п-п'!$C$5:$I$57,2,FALSE()) -> 45748 | V49: =VLOOKUP(поверки!$T49,'Акты п-п'!$C$5:$I$57,3,FALSE()) -> 45751 | W49: =VLOOKUP(поверки!$T49,'Акты п-п'!$C$5:$I$57,5,FALSE()) -> Чупин А.А. | X49: =поверки!$G49-поверки!$U49 -> 1 | Y49: =поверки!$V49-поверки!$G49 -> 2 | Z49: =CONCATENATE(поверки!$Q49," ",поверки!$S49," номер ",поверки!$H49) -> Преобразователь измерительный iTEMP мод.TMT82 номер F602480426C
B50: 29.04.2025 12:17 | C50: Проскурякова Елена Львовна | D50: ООО "РИ-ИНВЕСТ" | F50: 50138-12 | G50: 45749 | H50: F602420426C | J50: Опубликован | K50: Да | L50: С-ЕЖБ/02-04-2025/429422930 | M50: =IF(COUNTIF(поверки!$H$6:$H$3175,поверки!$H50)>1,"Дубликат","") | N50: =IF(COUNTIF(поверки!$L$6:$L$3175,поверки!$L50)>1,"Дубликат","") | O50: 45 | P50: =CONCATENATE(TEXT(MONTH(поверки!$G50),"00"),"/",TEXT(поверки!$O50,"000"), "/",TEXT(YEAR(поверки!$G50)-2000,"00")) -> 04/045/25 | Q50: =VLOOKUP(поверки!$F50,'соответстиви ОТ типу'!$K$4:$M$344,2,FALSE()) -> Преобразователь измерительный | R50: Большаков С.Н. | S50: iTEMP мод.TMT82 | T50: 1 | U50: =VLOOKUP(поверки!$T50,'Акты п-п'!$C$5:$I$57,2,FALSE()) -> 45748 | V50: =VLOOKUP(поверки!$T50,'Акты п-п'!$C$5:$I$57,3,FALSE()) -> 45751 | W50: =VLOOKUP(поверки!$T50,'Акты п-п'!$C$5:$I$57,5,FALSE()) -> Чупин А.А. | X50: =поверки!$G50-поверки!$U50 -> 1 | Y50: =поверки!$V50-поверки!$G50 -> 2 | Z50: =CONCATENATE(поверки!$Q50," ",поверки!$S50," номер ",поверки!$H50) -> Преобразователь измерительный iTEMP мод.TMT82 номер F602420426C
B51: 29.04.2025 12:17 | C51: Проскурякова Елена Львовна | D51: ООО "РИ-ИНВЕСТ" | F51: 50138-12 | G51: 45749 | H51: F6023F0426C | J51: Опубликован | K51: Да | L51: С-ЕЖБ/02-04-2025/429422929 | M51: =IF(COUNTIF(поверки!$H$6:$H$3175,поверки!$H51)>1,"Дубликат","") | N51: =IF(COUNTIF(поверки!$L$6:$L$3175,поверки!$L51)>1,"Дубликат","") | O51: 46 | P51: =CONCATENATE(TEXT(MONTH(поверки!$G51),"00"),"/",TEXT(поверки!$O51,"000"), "/",TEXT(YEAR(поверки!$G51)-2000,"00")) -> 04/046/25 | Q51: =VLOOKUP(поверки!$F51,'соответстиви ОТ типу'!$K$4:$M$344,2,FALSE()) -> Преобразователь измерительный | R51: Большаков С.Н. | S51: iTEMP мод.TMT82 | T51: 1 | U51: =VLOOKUP(поверки!$T51,'Акты п-п'!$C$5:$I$57,2,FALSE()) -> 45748 | V51: =VLOOKUP(поверки!$T51,'Акты п-п'!$C$5:$I$57,3,FALSE()) -> 45751 | W51: =VLOOKUP(поверки!$T51,'Акты п-п'!$C$5:$I$57,5,FALSE()) -> Чупин А.А. | X51: =поверки!$G51-поверки!$U51 -> 1 | Y51: =поверки!$V51-поверки!$G51 -> 2 | Z51: =CONCATENATE(поверки!$Q51," ",поверки!$S51," номер ",поверки!$H51) -> Преобразователь измерительный iTEMP мод.TMT82 номер F6023F0426C
B52: 29.04.2025 12:17 | C52: Проскурякова Елена Львовна | D52: ООО "РИ-ИНВЕСТ" | F52: 50138-12 | G52: 45749 | H52: F602410426C | J52: Опубликован | K52: Да | L52: С-ЕЖБ/02-04-2025/429422927 | M52: =IF(COUNTIF(поверки!$H$6:$H$3175,поверки!$H52)>1,"Дубликат","") | N52: =IF(COUNTIF(поверки!$L$6:$L$3175,поверки!$L52)>1,"Дубликат","") | O52: 47 | P52: =CONCATENATE(TEXT(MONTH(поверки!$G52),"00"),"/",TEXT(поверки!$O52,"000"), "/",TEXT(YEAR(поверки!$G52)-2000,"00")) -> 04/047/25 | Q52: =VLOOKUP(поверки!$F52,'соответстиви ОТ типу'!$K$4:$M$344,2,FALSE()) -> Преобразователь измерительный | R52: Большаков С.Н. | S52: iTEMP мод.TMT82 | T52: 1 | U52: =VLOOKUP(поверки!$T52,'Акты п-п'!$C$5:$I$57,2,FALSE()) -> 45748 | V52: =VLOOKUP(поверки!$T52,'Акты п-п'!$C$5:$I$57,3,FALSE()) -> 45751 | W52: =VLOOKUP(поверки!$T52,'Акты п-п'!$C$5:$I$57,5,FALSE()) -> Чупин А.А. | X52: =поверки!$G52-поверки!$U52 -> 1 | Y52: =поверки!$V52-поверки!$G52 -> 2 | Z52: =CONCATENATE(поверки!$Q52," ",поверки!$S52," номер ",поверки!$H52) -> Преобразователь измерительный iTEMP мод.TMT82 номер F602410426C
B53: 29.04.2025 12:17 | C53: Проскурякова Елена Львовна | D53: ООО "РИ-ИНВЕСТ" | F53: 50138-12 | G53: 45749 | H53: F602470426C | J53: Опубликован | K53: Да | L53: С-ЕЖБ/02-04-2025/429422926 | M53: =IF(COUNTIF(поверки!$H$6:$H$3175,поверки!$H53)>1,"Дубликат","") | N53: =IF(COUNTIF(поверки!$L$6:$L$3175,поверки!$L53)>1,"Дубликат","") | O53: 48 | P53: =CONCATENATE(TEXT(MONTH(поверки!$G53),"00"),"/",TEXT(поверки!$O53,"000"), "/",TEXT(YEAR(поверки!$G53)-2000,"00")) -> 04/048/25 | Q53: =VLOOKUP(поверки!$F53,'соответстиви ОТ типу'!$K$4:$M$344,2,FALSE()) -> Преобразователь измерительный | R53: Большаков С.Н. | S53: iTEMP мод.TMT82 | T53: 1 | U53: =VLOOKUP(поверки!$T53,'Акты п-п'!$C$5:$I$57,2,FALSE()) -> 45748 | V53: =VLOOKUP(поверки!$T53,'Акты п-п'!$C$5:$I$57,3,FALSE()) -> 45751 | W53: =VLOOKUP(поверки!$T53,'Акты п-п'!$C$5:$I$57,5,FALSE()) -> Чупин А.А. | X53: =поверки!$G53-поверки!$U53 -> 1 | Y53: =поверки!$V53-поверки!$G53 -> 2 | Z53: =CONCATENATE(поверки!$Q53," ",поверки!$S53," номер ",поверки!$H53) -> Преобразователь измерительный iTEMP мод.TMT82 номер F602470426C
B54: 29.04.2025 12:17 | C54: Проскурякова Елена Львовна | D54: ООО "РИ-ИНВЕСТ" | F54: 50138-12 | G54: 45749 | H54: F601F10426C | J54: Опубликован | K54: Да | L54: С-ЕЖБ/02-04-2025/429422924 | M54: =IF(COUNTIF(поверки!$H$6:$H$3175,поверки!$H54)>1,"Дубликат","") | N54: =IF(COUNTIF(поверки!$L$6:$L$3175,поверки!$L54)>1,"Дубликат","") | O54: 49 | P54: =CONCATENATE(TEXT(MONTH(поверки!$G54),"00"),"/",TEXT(поверки!$O54,"000"), "/",TEXT(YEAR(поверки!$G54)-2000,"00")) -> 04/049/25 | Q54: =VLOOKUP(поверки!$F54,'соответстиви ОТ типу'!$K$4:$M$344,2,FALSE()) -> Преобразователь измерительный | R54: Большаков С.Н. | S54: iTEMP мод.TMT82 | T54: 1 | U54: =VLOOKUP(поверки!$T54,'Акты п-п'!$C$5:$I$57,2,FALSE()) -> 45748 | V54: =VLOOKUP(поверки!$T54,'Акты п-п'!$C$5:$I$57,3,FALSE()) -> 45751 | W54: =VLOOKUP(поверки!$T54,'Акты п-п'!$C$5:$I$57,5,FALSE()) -> Чупин А.А. | X54: =поверки!$G54-поверки!$U54 -> 1 | Y54: =поверки!$V54-поверки!$G54 -> 2 | Z54: =CONCATENATE(поверки!$Q54," ",поверки!$S54," номер ",поверки!$H54) -> Преобразователь измерительный iTEMP мод.TMT82 номер F601F10426C
B55: 29.04.2025 12:17 | C55: Проскурякова Елена Львовна | D55: ООО "РИ-ИНВЕСТ" | F55: 50138-12 | G55: 45749 | H55: F601F20426C | J55: Опубликован | K55: Да | L55: С-ЕЖБ/02-04-2025/429422923 | M55: =IF(COUNTIF(поверки!$H$6:$H$3175,поверки!$H55)>1,"Дубликат","") | N55: =IF(COUNTIF(поверки!$L$6:$L$3175,поверки!$L55)>1,"Дубликат","") | O55: 50 | P55: =CONCATENATE(TEXT(MONTH(поверки!$G55),"00"),"/",TEXT(поверки!$O55,"000"), "/",TEXT(YEAR(поверки!$G55)-2000,"00")) -> 04/050/25 | Q55: =VLOOKUP(поверки!$F55,'соответстиви ОТ типу'!$K$4:$M$344,2,FALSE()) -> Преобразователь измерительный | R55: Большаков С.Н. | S55: iTEMP мод.TMT82 | T55: 1 | U55: =VLOOKUP(поверки!$T55,'Акты п-п'!$C$5:$I$57,2,FALSE()) -> 45748 | V55: =VLOOKUP(поверки!$T55,'Акты п-п'!$C$5:$I$57,3,FALSE()) -> 45751 | W55: =VLOOKUP(поверки!$T55,'Акты п-п'!$C$5:$I$57,5,FALSE()) -> Чупин А.А. | X55: =поверки!$G55-поверки!$U55 -> 1 | Y55: =поверки!$V55-поверки!$G55 -> 2 | Z55: =CONCATENATE(поверки!$Q55," ",поверки!$S55," номер ",поверки!$H55) -> Преобразователь измерительный iTEMP мод.TMT82 номер F601F20426C
B56: 29.04.2025 12:17 | C56: Проскурякова Елена Львовна | D56: ООО "РИ-ИНВЕСТ" | F56: 48988-12 | G56: 45749 | H56: 2980631 | J56: Опубликован | K56: Да | L56: С-ЕЖБ/02-04-2025/429422921 | M56: =IF(COUNTIF(поверки!$H$6:$H$3175,поверки!$H56)>1,"Дубликат","") | N56: =IF(COUNTIF(поверки!$L$6:$L$3175,поверки!$L56)>1,"Дубликат","") | O56: 51 | P56: =CONCATENATE(TEXT(MONTH(поверки!$G56),"00"),"/",TEXT(поверки!$O56,"000"), "/",TEXT(YEAR(поверки!$G56)-2000,"00")) -> 04/051/25 | Q56: =VLOOKUP(поверки!$F56,'соответстиви ОТ типу'!$K$4:$M$344,2,FALSE()) -> Преобразователь измерительный | R56: Большаков С.Н. | S56: 248 | T56: 1 | U56: =VLOOKUP(поверки!$T56,'Акты п-п'!$C$5:$I$57,2,FALSE()) -> 45748 | V56: =VLOOKUP(поверки!$T56,'Акты п-п'!$C$5:$I$57,3,FALSE()) -> 45751 | W56: =VLOOKUP(поверки!$T56,'Акты п-п'!$C$5:$I$57,5,FALSE()) -> Чупин А.А. | X56: =поверки!$G56-поверки!$U56 -> 1 | Y56: =поверки!$V56-поверки!$G56 -> 2 | Z56: =CONCATENATE(поверки!$Q56," ",поверки!$S56," номер ",поверки!$H56) -> Преобразователь измерительный 248 номер 2980631
B57: 29.04.2025 12:17 | C57: Проскурякова Елена Львовна | D57: ООО "РИ-ИНВЕСТ" | F57: 48988-12 | G57: 45749 | H57: 2980632 | J57: Опубликован | K57: Да | L57: С-ЕЖБ/02-04-2025/429422920 | M57: =IF(COUNTIF(поверки!$H$6:$H$3175,поверки!$H57)>1,"Дубликат","") | N57: =IF(COUNTIF(поверки!$L$6:$L$3175,поверки!$L57)>1,"Дубликат","") | O57: 52 | P57: =CONCATENATE(TEXT(MONTH(поверки!$G57),"00"),"/",TEXT(поверки!$O57,"000"), "/",TEXT(YEAR(поверки!$G57)-2000,"00")) -> 04/052/25 | Q57: =VLOOKUP(поверки!$F57,'соответстиви ОТ типу'!$K$4:$M$344,2,FALSE()) -> Преобразователь измерительный | R57: Большаков С.Н. | S57: 248 | T57: 1 | U57: =VLOOKUP(поверки!$T57,'Акты п-п'!$C$5:$I$57,2,FALSE()) -> 45748 | V57: =VLOOKUP(поверки!$T57,'Акты п-п'!$C$5:$I$57,3,FALSE()) -> 45751 | W57: =VLOOKUP(поверки!$T57,'Акты п-п'!$C$5:$I$57,5,FALSE()) -> Чупин А.А. | X57: =поверки!$G57-поверки!$U57 -> 1 | Y57: =поверки!$V57-поверки!$G57 -> 2 | Z57: =CONCATENATE(поверки!$Q57," ",поверки!$S57," номер ",поверки!$H57) -> Преобразователь измерительный 248 номер 2980632
B58: 29.04.2025 12:17 | C58: Проскурякова Елена Львовна | D58: ООО "РИ-ИНВЕСТ" | F58: 48988-12 | G58: 45749 | H58: 2980633 | J58: Опубликован | K58: Да | L58: С-ЕЖБ/02-04-2025/429422918 | M58: =IF(COUNTIF(поверки!$H$6:$H$3175,поверки!$H58)>1,"Дубликат","") | N58: =IF(COUNTIF(поверки!$L$6:$L$3175,поверки!$L58)>1,"Дубликат","") | O58: 53 | P58: =CONCATENATE(TEXT(MONTH(поверки!$G58),"00"),"/",TEXT(поверки!$O58,"000"), "/",TEXT(YEAR(поверки!$G58)-2000,"00")) -> 04/053/25 | Q58: =VLOOKUP(поверки!$F58,'соответстиви ОТ типу'!$K$4:$M$344,2,FALSE()) -> Преобразователь измерительный | R58: Большаков С.Н. | S58: 248 | T58: 1 | U58: =VLOOKUP(поверки!$T58,'Акты п-п'!$C$5:$I$57,2,FALSE()) -> 45748 | V58: =VLOOKUP(поверки!$T58,'Акты п-п'!$C$5:$I$57,3,FALSE()) -> 45751 | W58: =VLOOKUP(поверки!$T58,'Акты п-п'!$C$5:$I$57,5,FALSE()) -> Чупин А.А. | X58: =поверки!$G58-поверки!$U58 -> 1 | Y58: =поверки!$V58-поверки!$G58 -> 2 | Z58: =CONCATENATE(поверки!$Q58," ",поверки!$S58," номер ",поверки!$H58) -> Преобразователь измерительный 248 номер 2980633
B59: 29.04.2025 12:17 | C59: Проскурякова Елена Львовна | D59: ООО "РИ-ИНВЕСТ" | F59: 48988-12 | G59: 45749 | H59: 2980634 | J59: Опубликован | K59: Да | L59: С-ЕЖБ/02-04-2025/429422917 | M59: =IF(COUNTIF(поверки!$H$6:$H$3175,поверки!$H59)>1,"Дубликат","") | N59: =IF(COUNTIF(поверки!$L$6:$L$3175,поверки!$L59)>1,"Дубликат","") | O59: 54 | P59: =CONCATENATE(TEXT(MONTH(поверки!$G59),"00"),"/",TEXT(поверки!$O59,"000"), "/",TEXT(YEAR(поверки!$G59)-2000,"00")) -> 04/054/25 | Q59: =VLOOKUP(поверки!$F59,'соответстиви ОТ типу'!$K$4:$M$344,2,FALSE()) -> Преобразователь измерительный | R59: Большаков С.Н. | S59: 248 | T59: 1 | U59: =VLOOKUP(поверки!$T59,'Акты п-п'!$C$5:$I$57,2,FALSE()) -> 45748 | V59: =VLOOKUP(поверки!$T59,'Акты п-п'!$C$5:$I$57,3,FALSE()) -> 45751 | W59: =VLOOKUP(поверки!$T59,'Акты п-п'!$C$5:$I$57,5,FALSE()) -> Чупин А.А. | X59: =поверки!$G59-поверки!$U59 -> 1 | Y59: =поверки!$V59-поверки!$G59 -> 2 | Z59: =CONCATENATE(поверки!$Q59," ",поверки!$S59," номер ",поверки!$H59) -> Преобразователь измерительный 248 номер 2980634
B60: 29.04.2025 12:17 | C60: Проскурякова Елена Львовна | D60: ООО "РИ-ИНВЕСТ" | F60: 48988-12 | G60: 45749 | H60: 2980635 | J60: Опубликован | K60: Да | L60: С-ЕЖБ/02-04-2025/429422915 | M60: =IF(COUNTIF(поверки!$H$6:$H$3175,поверки!$H60)>1,"Дубликат","") | N60: =IF(COUNTIF(поверки!$L$6:$L$3175,поверки!$L60)>1,"Дубликат","") | O60: 55 | P60: =CONCATENATE(TEXT(MONTH(поверки!$G60),"00"),"/",TEXT(поверки!$O60,"000"), "/",TEXT(YEAR(поверки!$G60)-2000,"00")) -> 04/055/25 | Q60: =VLOOKUP(поверки!$F60,'соответстиви ОТ типу'!$K$4:$M$344,2,FALSE()) -> Преобразователь измерительный | R60: Большаков С.Н. | S60: 248 | T60: 1 | U60: =VLOOKUP(поверки!$T60,'Акты п-п'!$C$5:$I$57,2,FALSE()) -> 45748 | V60: =VLOOKUP(поверки!$T60,'Акты п-п'!$C$5:$I$57,3,FALSE()) -> 45751 | W60: =VLOOKUP(поверки!$T60,'Акты п-п'!$C$5:$I$57,5,FALSE()) -> Чупин А.А. | X60: =поверки!$G60-поверки!$U60 -> 1 | Y60: =поверки!$V60-поверки!$G60 -> 2 | Z60: =CONCATENATE(поверки!$Q60," ",поверки!$S60," номер ",поверки!$H60) -> Преобразователь измерительный 248 номер 2980635
B61: 29.04.2025 12:17 | C61: Проскурякова Елена Львовна | D61: ООО "РИ-ИНВЕСТ" | F61: 48988-12 | G61: 45749 | H61: 2980636 | J61: Опубликован | K61: Да | L61: С-ЕЖБ/02-04-2025/429422914 | M61: =IF(COUNTIF(поверки!$H$6:$H$3175,поверки!$H61)>1,"Дубликат","") | N61: =IF(COUNTIF(поверки!$L$6:$L$3175,поверки!$L61)>1,"Дубликат","") | O61: 56 | P61: =CONCATENATE(TEXT(MONTH(поверки!$G61),"00"),"/",TEXT(поверки!$O61,"000"), "/",TEXT(YEAR(поверки!$G61)-2000,"00")) -> 04/056/25 | Q61: =VLOOKUP(поверки!$F61,'соответстиви ОТ типу'!$K$4:$M$344,2,FALSE()) -> Преобразователь измерительный | R61: Большаков С.Н. | S61: 248 | T61: 1 | U61: =VLOOKUP(поверки!$T61,'Акты п-п'!$C$5:$I$57,2,FALSE()) -> 45748 | V61: =VLOOKUP(поверки!$T61,'Акты п-п'!$C$5:$I$57,3,FALSE()) -> 45751 | W61: =VLOOKUP(поверки!$T61,'Акты п-п'!$C$5:$I$57,5,FALSE()) -> Чупин А.А. | X61: =поверки!$G61-поверки!$U61 -> 1 | Y61: =поверки!$V61-поверки!$G61 -> 2 | Z61: =CONCATENATE(поверки!$Q61," ",поверки!$S61," номер ",поверки!$H61) -> Преобразователь измерительный 248 номер 2980636
B62: 29.04.2025 12:17 | C62: Проскурякова Елена Львовна | D62: ООО "РИ-ИНВЕСТ" | F62: 48988-12 | G62: 45749 | H62: 2980637 | J62: Опубликован | K62: Да | L62: С-ЕЖБ/02-04-2025/429422912 | M62: =IF(COUNTIF(поверки!$H$6:$H$3175,поверки!$H62)>1,"Дубликат","") | N62: =IF(COUNTIF(поверки!$L$6:$L$3175,поверки!$L62)>1,"Дубликат","") | O62: 57 | P62: =CONCATENATE(TEXT(MONTH(поверки!$G62),"00"),"/",TEXT(поверки!$O62,"000"), "/",TEXT(YEAR(поверки!$G62)-2000,"00")) -> 04/057/25 | Q62: =VLOOKUP(поверки!$F62,'соответстиви ОТ типу'!$K$4:$M$344,2,FALSE()) -> Преобразователь измерительный | R62: Большаков С.Н. | S62: 248 | T62: 1 | U62: =VLOOKUP(поверки!$T62,'Акты п-п'!$C$5:$I$57,2,FALSE()) -> 45748 | V62: =VLOOKUP(поверки!$T62,'Акты п-п'!$C$5:$I$57,3,FALSE()) -> 45751 | W62: =VLOOKUP(поверки!$T62,'Акты п-п'!$C$5:$I$57,5,FALSE()) -> Чупин А.А. | X62: =поверки!$G62-поверки!$U62 -> 1 | Y62: =поверки!$V62-поверки!$G62 -> 2 | Z62: =CONCATENATE(поверки!$Q62," ",поверки!$S62," номер ",поверки!$H62) -> Преобразователь измерительный 248 номер 2980637
B63: 29.04.2025 12:17 | C63: Проскурякова Елена Львовна | D63: ООО "РИ-ИНВЕСТ" | F63: 22676-17 | G63: 45749 | H63: 128-2647 | J63: Опубликован | K63: Да | L63: С-ЕЖБ/02-04-2025/429422910 | M63: =IF(COUNTIF(поверки!$H$6:$H$3175,поверки!$H63)>1,"Дубликат","") | N63: =IF(COUNTIF(поверки!$L$6:$L$3175,поверки!$L63)>1,"Дубликат","") | O63: 58 | P63: =CONCATENATE(TEXT(MONTH(поверки!$G63),"00"),"/",TEXT(поверки!$O63,"000"), "/",TEXT(YEAR(поверки!$G63)-2000,"00")) -> 04/058/25 | Q63: =VLOOKUP(поверки!$F63,'соответстиви ОТ типу'!$K$4:$M$344,2,FALSE()) -> Преобразователь измерительный модульный | R63: Большаков С.Н. | S63: ИПМ 0399Ex/МО-Н | T63: 1 | U63: =VLOOKUP(поверки!$T63,'Акты п-п'!$C$5:$I$57,2,FALSE()) -> 45748 | V63: =VLOOKUP(поверки!$T63,'Акты п-п'!$C$5:$I$57,3,FALSE()) -> 45751 | W63: =VLOOKUP(поверки!$T63,'Акты п-п'!$C$5:$I$57,5,FALSE()) -> Чупин А.А. | X63: =поверки!$G63-поверки!$U63 -> 1 | Y63: =поверки!$V63-поверки!$G63 -> 2 | Z63: =CONCATENATE(поверки!$Q63," ",поверки!$S63," номер ",поверки!$H63) -> Преобразователь измерительный модульный ИПМ 0399Ex/МО-Н номер 128-2647
B64: 29.04.2025 12:17 | C64: Проскурякова Елена Львовна | D64: ООО "РИ-ИНВЕСТ" | F64: 22676-17 | G64: 45749 | H64: 128-2648 | J64: Опубликован | K64: Да | L64: С-ЕЖБ/02-04-2025/429422909 | M64: =IF(COUNTIF(поверки!$H$6:$H$3175,поверки!$H64)>1,"Дубликат","") | N64: =IF(COUNTIF(поверки!$L$6:$L$3175,поверки!$L64)>1,"Дубликат","") | O64: 59 | P64: =CONCATENATE(TEXT(MONTH(поверки!$G64),"00"),"/",TEXT(поверки!$O64,"000"), "/",TEXT(YEAR(поверки!$G64)-2000,"00")) -> 04/059/25 | Q64: =VLOOKUP(поверки!$F64,'соответстиви ОТ типу'!$K$4:$M$344,2,FALSE()) -> Преобразователь измерительный модульный | R64: Большаков С.Н. | S64: ИПМ 0399Ex/МО-Н | T64: 1 | U64: =VLOOKUP(поверки!$T64,'Акты п-п'!$C$5:$I$57,2,FALSE()) -> 45748 | V64: =VLOOKUP(поверки!$T64,'Акты п-п'!$C$5:$I$57,3,FALSE()) -> 45751 | W64: =VLOOKUP(поверки!$T64,'Акты п-п'!$C$5:$I$57,5,FALSE()) -> Чупин А.А. | X64: =поверки!$G64-поверки!$U64 -> 1 | Y64: =поверки!$V64-поверки!$G64 -> 2 | Z64: =CONCATENATE(поверки!$Q64," ",поверки!$S64," номер ",поверки!$H64) -> Преобразователь измерительный модульный ИПМ 0399Ex/МО-Н номер 128-2648
B65: 29.04.2025 08:43 | C65: Проскурякова Елена Львовна | D65: ООО "РИ-ИНВЕСТ" | F65: 32854-09 | G65: 45749 | H65: 0001210622 | J65: Опубликован | K65: Да | L65: С-ЕЖБ/02-04-2025/429337808 | N65: =IF(COUNTIF(поверки!$L$6:$L$3175,поверки!$L65)>1,"Дубликат","") | O65: 60 | P65: =CONCATENATE(TEXT(MONTH(поверки!$G65),"00"),"/",TEXT(поверки!$O65,"000"), "/",TEXT(YEAR(поверки!$G65)-2000,"00")) -> 04/060/25 | Q65: =VLOOKUP(поверки!$F65,'соответстиви ОТ типу'!$K$4:$M$344,2,FALSE()) -> Преобразователь давления | R65: Кадыков П.Ю. | S65: Метран-150CDR | T65: 1 | U65: =VLOOKUP(поверки!$T65,'Акты п-п'!$C$5:$I$57,2,FALSE()) -> 45748 | V65: =VLOOKUP(поверки!$T65,'Акты п-п'!$C$5:$I$57,3,FALSE()) -> 45751 | W65: =VLOOKUP(поверки!$T65,'Акты п-п'!$C$5:$I$57,5,FALSE()) -> Чупин А.А. | X65: =поверки!$G65-поверки!$U65 -> 1 | Y65: =поверки!$V65-поверки!$G65 -> 2 | Z65: =CONCATENATE(поверки!$Q65," ",поверки!$S65," номер ",поверки!$H65) -> Преобразователь давления Метран-150CDR номер 0001210622
B66: 29.04.2025 08:43 | C66: Проскурякова Елена Львовна | D66: ООО "РИ-ИНВЕСТ" | F66: 32854-09 | G66: 45749 | H66: 0001210620 | J66: Опубликован | K66: Да | L66: С-ЕЖБ/02-04-2025/429337807 | N66: =IF(COUNTIF(поверки!$L$6:$L$3175,поверки!$L66)>1,"Дубликат","") | O66: 61 | P66: =CONCATENATE(TEXT(MONTH(поверки!$G66),"00"),"/",TEXT(поверки!$O66,"000"), "/",TEXT(YEAR(поверки!$G66)-2000,"00")) -> 04/061/25 | Q66: =VLOOKUP(поверки!$F66,'соответстиви ОТ типу'!$K$4:$M$344,2,FALSE()) -> Преобразователь давления | R66: Кадыков П.Ю. | S66: Метран-150CDR | T66: 1 | U66: =VLOOKUP(поверки!$T66,'Акты п-п'!$C$5:$I$57,2,FALSE()) -> 45748 | V66: =VLOOKUP(поверки!$T66,'Акты п-п'!$C$5:$I$57,3,FALSE()) -> 45751 | W66: =VLOOKUP(поверки!$T66,'Акты п-п'!$C$5:$I$57,5,FALSE()) -> Чупин А.А. | X66: =поверки!$G66-поверки!$U66 -> 1 | Y66: =поверки!$V66-поверки!$G66 -> 2 | Z66: =CONCATENATE(поверки!$Q66," ",поверки!$S66," номер ",поверки!$H66) -> Преобразователь давления Метран-150CDR номер 0001210620
B67: 29.04.2025 08:43 | C67: Проскурякова Елена Львовна | D67: ООО "РИ-ИНВЕСТ" | F67: 32854-09 | G67: 45749 | H67: 0001210621 | J67: Опубликован | K67: Да | L67: С-ЕЖБ/02-04-2025/429337806 | N67: =IF(COUNTIF(поверки!$L$6:$L$3175,поверки!$L67)>1,"Дубликат","") | O67: 62 | P67: =CONCATENATE(TEXT(MONTH(поверки!$G67),"00"),"/",TEXT(поверки!$O67,"000"), "/",TEXT(YEAR(поверки!$G67)-2000,"00")) -> 04/062/25 | Q67: =VLOOKUP(поверки!$F67,'соответстиви ОТ типу'!$K$4:$M$344,2,FALSE()) -> Преобразователь давления | R67: Кадыков П.Ю. | S67: Метран-150CDR | T67: 1 | U67: =VLOOKUP(поверки!$T67,'Акты п-п'!$C$5:$I$57,2,FALSE()) -> 45748 | V67: =VLOOKUP(поверки!$T67,'Акты п-п'!$C$5:$I$57,3,FALSE()) -> 45751 | W67: =VLOOKUP(поверки!$T67,'Акты п-п'!$C$5:$I$57,5,FALSE()) -> Чупин А.А. | X67: =поверки!$G67-поверки!$U67 -> 1 | Y67: =поверки!$V67-поверки!$G67 -> 2 | Z67: =CONCATENATE(поверки!$Q67," ",поверки!$S67," номер ",поверки!$H67) -> Преобразователь давления Метран-150CDR номер 0001210621
B68: 29.04.2025 08:43 | C68: Проскурякова Елена Львовна | D68: ООО "РИ-ИНВЕСТ" | F68: 28456-04 | G68: 45749 | H68: 91J622072 | J68: Опубликован | K68: Да | L68: С-ЕЖБ/02-04-2025/429337805 | N68: =IF(COUNTIF(поверки!$L$6:$L$3175,поверки!$L68)>1,"Дубликат","") | O68: 63 | P68: =CONCATENATE(TEXT(MONTH(поверки!$G68),"00"),"/",TEXT(поверки!$O68,"000"), "/",TEXT(YEAR(поверки!$G68)-2000,"00")) -> 04/063/25 | Q68: =VLOOKUP(поверки!$F68,'соответстиви ОТ типу'!$K$4:$M$344,2,FALSE()) -> Преобразователь давления | R68: Кадыков П.Ю. | S68: EJX 530A | T68: 1 | U68: =VLOOKUP(поверки!$T68,'Акты п-п'!$C$5:$I$57,2,FALSE()) -> 45748 | V68: =VLOOKUP(поверки!$T68,'Акты п-п'!$C$5:$I$57,3,FALSE()) -> 45751 | W68: =VLOOKUP(поверки!$T68,'Акты п-п'!$C$5:$I$57,5,FALSE()) -> Чупин А.А. | X68: =поверки!$G68-поверки!$U68 -> 1 | Y68: =поверки!$V68-поверки!$G68 -> 2 | Z68: =CONCATENATE(поверки!$Q68," ",поверки!$S68," номер ",поверки!$H68) -> Преобразователь давления EJX 530A номер 91J622072
B69: 29.04.2025 08:43 | C69: Проскурякова Елена Львовна | D69: ООО "РИ-ИНВЕСТ" | F69: 59868-15 | G69: 45749 | H69: 91R808436 | J69: Опубликован | K69: Да | L69: С-ЕЖБ/02-04-2025/429337804 | N69: =IF(COUNTIF(поверки!$L$6:$L$3175,поверки!$L69)>1,"Дубликат","") | O69: 64 | P69: =CONCATENATE(TEXT(MONTH(поверки!$G69),"00"),"/",TEXT(поверки!$O69,"000"), "/",TEXT(YEAR(поверки!$G69)-2000,"00")) -> 04/064/25 | Q69: =VLOOKUP(поверки!$F69,'соответстиви ОТ типу'!$K$4:$M$344,2,FALSE()) -> Преобразователь давления | R69: Кадыков П.Ю. | S69: EJX 530A | T69: 1 | U69: =VLOOKUP(поверки!$T69,'Акты п-п'!$C$5:$I$57,2,FALSE()) -> 45748 | V69: =VLOOKUP(поверки!$T69,'Акты п-п'!$C$5:$I$57,3,FALSE()) -> 45751 | W69: =VLOOKUP(поверки!$T69,'Акты п-п'!$C$5:$I$57,5,FALSE()) -> Чупин А.А. | X69: =поверки!$G69-поверки!$U69 -> 1 | Y69: =поверки!$V69-поверки!$G69 -> 2 | Z69: =CONCATENATE(поверки!$Q69," ",поверки!$S69," номер ",поверки!$H69) -> Преобразователь давления EJX 530A номер 91R808436
B70: 29.04.2025 08:43 | C70: Проскурякова Елена Львовна | D70: ООО "РИ-ИНВЕСТ" | F70: 59868-15 | G70: 45749 | H70: 91R808440 | J70: Опубликован | K70: Да | L70: С-ЕЖБ/02-04-2025/429337803 | N70: =IF(COUNTIF(поверки!$L$6:$L$3175,поверки!$L70)>1,"Дубликат","") | O70: 65 | P70: =CONCATENATE(TEXT(MONTH(поверки!$G70),"00"),"/",TEXT(поверки!$O70,"000"), "/",TEXT(YEAR(поверки!$G70)-2000,"00")) -> 04/065/25 | Q70: =VLOOKUP(поверки!$F70,'соответстиви ОТ типу'!$K$4:$M$344,2,FALSE()) -> Преобразователь давления | R70: Кадыков П.Ю. | S70: EJX 530A | T70: 1 | U70: =VLOOKUP(поверки!$T70,'Акты п-п'!$C$5:$I$57,2,FALSE()) -> 45748 | V70: =VLOOKUP(поверки!$T70,'Акты п-п'!$C$5:$I$57,3,FALSE()) -> 45751 | W70: =VLOOKUP(поверки!$T70,'Акты п-п'!$C$5:$I$57,5,FALSE()) -> Чупин А.А. | X70: =поверки!$G70-поверки!$U70 -> 1 | Y70: =поверки!$V70-поверки!$G70 -> 2 | Z70: =CONCATENATE(поверки!$Q70," ",поверки!$S70," номер ",поверки!$H70) -> Преобразователь давления EJX 530A номер 91R808440
B71: 29.04.2025 08:43 | C71: Проскурякова Елена Львовна | D71: ООО "РИ-ИНВЕСТ" | F71: 59868-15 | G71: 45749 | H71: 91R808384 | J71: Опубликован | K71: Да | L71: С-ЕЖБ/02-04-2025/429337802 | N71: =IF(COUNTIF(поверки!$L$6:$L$3175,поверки!$L71)>1,"Дубликат","") | O71: 66 | P71: =CONCATENATE(TEXT(MONTH(поверки!$G71),"00"),"/",TEXT(поверки!$O71,"000"), "/",TEXT(YEAR(поверки!$G71)-2000,"00")) -> 04/066/25 | Q71: =VLOOKUP(поверки!$F71,'соответстиви ОТ типу'!$K$4:$M$344,2,FALSE()) -> Преобразователь давления | R71: Кадыков П.Ю. | S71: EJX 530A | T71: 1 | U71: =VLOOKUP(поверки!$T71,'Акты п-п'!$C$5:$I$57,2,FALSE()) -> 45748 | V71: =VLOOKUP(поверки!$T71,'Акты п-п'!$C$5:$I$57,3,FALSE()) -> 45751 | W71: =VLOOKUP(поверки!$T71,'Акты п-п'!$C$5:$I$57,5,FALSE()) -> Чупин А.А. | X71: =поверки!$G71-поверки!$U71 -> 1 | Y71: =поверки!$V71-поверки!$G71 -> 2 | Z71: =CONCATENATE(поверки!$Q71," ",поверки!$S71," номер ",поверки!$H71) -> Преобразователь давления EJX 530A номер 91R808384
B72: 29.04.2025 08:43 | C72: Проскурякова Елена Львовна | D72: ООО "РИ-ИНВЕСТ" | F72: 41560-09 | G72: 45749 | H72: L6011501129 | J72: Опубликован | K72: Да | L72: С-ЕЖБ/02-04-2025/429337799 | N72: =IF(COUNTIF(поверки!$L$6:$L$3175,поверки!$L72)>1,"Дубликат","") | O72: 67 | P72: =CONCATENATE(TEXT(MONTH(поверки!$G72),"00"),"/",TEXT(поверки!$O72,"000"), "/",TEXT(YEAR(поверки!$G72)-2000,"00")) -> 04/067/25 | Q72: =VLOOKUP(поверки!$F72,'соответстиви ОТ типу'!$K$4:$M$344,2,FALSE()) -> Преобразователь давления | R72: Кадыков П.Ю. | S72: Cerabar M,PMP51 | T72: 1 | U72: =VLOOKUP(поверки!$T72,'Акты п-п'!$C$5:$I$57,2,FALSE()) -> 45748 | V72: =VLOOKUP(поверки!$T72,'Акты п-п'!$C$5:$I$57,3,FALSE()) -> 45751 | W72: =VLOOKUP(поверки!$T72,'Акты п-п'!$C$5:$I$57,5,FALSE()) -> Чупин А.А. | X72: =поверки!$G72-поверки!$U72 -> 1 | Y72: =поверки!$V72-поверки!$G72 -> 2 | Z72: =CONCATENATE(поверки!$Q72," ",поверки!$S72," номер ",поверки!$H72) -> Преобразователь давления Cerabar M,PMP51 номер L6011501129
B73: 29.04.2025 08:43 | C73: Проскурякова Елена Львовна | D73: ООО "РИ-ИНВЕСТ" | F73: 41560-09 | G73: 45749 | H73: L101440109D | J73: Опубликован | K73: Да | L73: С-ЕЖБ/02-04-2025/429337798 | N73: =IF(COUNTIF(поверки!$L$6:$L$3175,поверки!$L73)>1,"Дубликат","") | O73: 68 | P73: =CONCATENATE(TEXT(MONTH(поверки!$G73),"00"),"/",TEXT(поверки!$O73,"000"), "/",TEXT(YEAR(поверки!$G73)-2000,"00")) -> 04/068/25 | Q73: =VLOOKUP(поверки!$F73,'соответстиви ОТ типу'!$K$4:$M$344,2,FALSE()) -> Преобразователь давления | R73: Чупин А.А | S73: Cerabar S,PMD75 | T73: 1 | U73: =VLOOKUP(поверки!$T73,'Акты п-п'!$C$5:$I$57,2,FALSE()) -> 45748 | V73: =VLOOKUP(поверки!$T73,'Акты п-п'!$C$5:$I$57,3,FALSE()) -> 45751 | W73: =VLOOKUP(поверки!$T73,'Акты п-п'!$C$5:$I$57,5,FALSE()) -> Чупин А.А. | X73: =поверки!$G73-поверки!$U73 -> 1 | Y73: =поверки!$V73-поверки!$G73 -> 2 | Z73: =CONCATENATE(поверки!$Q73," ",поверки!$S73," номер ",поверки!$H73) -> Преобразователь давления Cerabar S,PMD75 номер L101440109D
B74: 29.04.2025 08:43 | C74: Проскурякова Елена Львовна | D74: ООО "РИ-ИНВЕСТ" | F74: 41560-09 | G74: 45749 | H74: L101490109D | J74: Опубликован | K74: Да | L74: С-ЕЖБ/02-04-2025/429337796 | N74: =IF(COUNTIF(поверки!$L$6:$L$3175,поверки!$L74)>1,"Дубликат","") | O74: 69 | P74: =CONCATENATE(TEXT(MONTH(поверки!$G74),"00"),"/",TEXT(поверки!$O74,"000"), "/",TEXT(YEAR(поверки!$G74)-2000,"00")) -> 04/069/25 | Q74: =VLOOKUP(поверки!$F74,'соответстиви ОТ типу'!$K$4:$M$344,2,FALSE()) -> Преобразователь давления | R74: Чупин А.А | S74: Cerabar S,PMD75 | T74: 1 | U74: =VLOOKUP(поверки!$T74,'Акты п-п'!$C$5:$I$57,2,FALSE()) -> 45748 | V74: =VLOOKUP(поверки!$T74,'Акты п-п'!$C$5:$I$57,3,FALSE()) -> 45751 | W74: =VLOOKUP(поверки!$T74,'Акты п-п'!$C$5:$I$57,5,FALSE()) -> Чупин А.А. | X74: =поверки!$G74-поверки!$U74 -> 1 | Y74: =поверки!$V74-поверки!$G74 -> 2 | Z74: =CONCATENATE(поверки!$Q74," ",поверки!$S74," номер ",поверки!$H74) -> Преобразователь давления Cerabar S,PMD75 номер L101490109D
B75: 29.04.2025 08:43 | C75: Проскурякова Елена Львовна | D75: ООО "РИ-ИНВЕСТ" | F75: 41560-09 | G75: 45749 | H75: L1022B0109C | J75: Опубликован | K75: Да | L75: С-ЕЖБ/02-04-2025/429337795 | N75: =IF(COUNTIF(поверки!$L$6:$L$3175,поверки!$L75)>1,"Дубликат","") | O75: 70 | P75: =CONCATENATE(TEXT(MONTH(поверки!$G75),"00"),"/",TEXT(поверки!$O75,"000"), "/",TEXT(YEAR(поверки!$G75)-2000,"00")) -> 04/070/25 | Q75: =VLOOKUP(поверки!$F75,'соответстиви ОТ типу'!$K$4:$M$344,2,FALSE()) -> Преобразователь давления | R75: Чупин А.А | S75: Cerabar S,PMP71 | T75: 1 | U75: =VLOOKUP(поверки!$T75,'Акты п-п'!$C$5:$I$57,2,FALSE()) -> 45748 | V75: =VLOOKUP(поверки!$T75,'Акты п-п'!$C$5:$I$57,3,FALSE()) -> 45751 | W75: =VLOOKUP(поверки!$T75,'Акты п-п'!$C$5:$I$57,5,FALSE()) -> Чупин А.А. | X75: =поверки!$G75-поверки!$U75 -> 1 | Y75: =поверки!$V75-поверки!$G75 -> 2 | Z75: =CONCATENATE(поверки!$Q75," ",поверки!$S75," номер ",поверки!$H75) -> Преобразователь давления Cerabar S,PMP71 номер L1022B0109C
B76: 29.04.2025 08:43 | C76: Проскурякова Елена Львовна | D76: ООО "РИ-ИНВЕСТ" | F76: 41560-09 | G76: 45749 | H76: L1022A0109C | J76: Опубликован | K76: Да | L76: С-ЕЖБ/02-04-2025/429337794 | M76: =IF(COUNTIF(поверки!$H$6:$H$3175,поверки!$H76)>1,"Дубликат","") | N76: =IF(COUNTIF(поверки!$L$6:$L$3175,поверки!$L76)>1,"Дубликат","") | O76: 71 | P76: =CONCATENATE(TEXT(MONTH(поверки!$G76),"00"),"/",TEXT(поверки!$O76,"000"), "/",TEXT(YEAR(поверки!$G76)-2000,"00")) -> 04/071/25 | Q76: =VLOOKUP(поверки!$F76,'соответстиви ОТ типу'!$K$4:$M$344,2,FALSE()) -> Преобразователь давления | R76: Чупин А.А | S76: Cerabar S,PMP71 | T76: 1 | U76: =VLOOKUP(поверки!$T76,'Акты п-п'!$C$5:$I$57,2,FALSE()) -> 45748 | V76: =VLOOKUP(поверки!$T76,'Акты п-п'!$C$5:$I$57,3,FALSE()) -> 45751 | W76: =VLOOKUP(поверки!$T76,'Акты п-п'!$C$5:$I$57,5,FALSE()) -> Чупин А.А. | X76: =поверки!$G76-поверки!$U76 -> 1 | Y76: =поверки!$V76-поверки!$G76 -> 2 | Z76: =CONCATENATE(поверки!$Q76," ",поверки!$S76," номер ",поверки!$H76) -> Преобразователь давления Cerabar S,PMP71 номер L1022A0109C
B77: 29.04.2025 08:43 | C77: Проскурякова Елена Львовна | D77: ООО "РИ-ИНВЕСТ" | F77: 56795-14 | G77: 45749 | H77: 53107264 | J77: Опубликован | K77: Да | L77: С-ЕЖБ/02-04-2025/429337793 | M77: =IF(COUNTIF(поверки!$H$6:$H$3175,поверки!$H77)>1,"Дубликат","") | N77: =IF(COUNTIF(поверки!$L$6:$L$3175,поверки!$L77)>1,"Дубликат","") | O77: 72 | P77: =CONCATENATE(TEXT(MONTH(поверки!$G77),"00"),"/",TEXT(поверки!$O77,"000"), "/",TEXT(YEAR(поверки!$G77)-2000,"00")) -> 04/072/25 | Q77: =VLOOKUP(поверки!$F77,'соответстиви ОТ типу'!$K$4:$M$344,2,FALSE()) -> Преобразователь давления | R77: Чупин А.А | S77: HMP 331 | T77: 1 | U77: =VLOOKUP(поверки!$T77,'Акты п-п'!$C$5:$I$57,2,FALSE()) -> 45748 | V77: =VLOOKUP(поверки!$T77,'Акты п-п'!$C$5:$I$57,3,FALSE()) -> 45751 | W77: =VLOOKUP(поверки!$T77,'Акты п-п'!$C$5:$I$57,5,FALSE()) -> Чупин А.А. | X77: =поверки!$G77-поверки!$U77 -> 1 | Y77: =поверки!$V77-поверки!$G77 -> 2 | Z77: =CONCATENATE(поверки!$Q77," ",поверки!$S77," номер ",поверки!$H77) -> Преобразователь давления HMP 331 номер 53107264
B78: 29.04.2025 08:43 | C78: Проскурякова Елена Львовна | D78: ООО "РИ-ИНВЕСТ" | F78: 56795-14 | G78: 45749 | H78: 53107266 | J78: Опубликован | K78: Да | L78: С-ЕЖБ/02-04-2025/429337792 | M78: =IF(COUNTIF(поверки!$H$6:$H$3175,поверки!$H78)>1,"Дубликат","") | N78: =IF(COUNTIF(поверки!$L$6:$L$3175,поверки!$L78)>1,"Дубликат","") | O78: 73 | P78: =CONCATENATE(TEXT(MONTH(поверки!$G78),"00"),"/",TEXT(поверки!$O78,"000"), "/",TEXT(YEAR(поверки!$G78)-2000,"00")) -> 04/073/25 | Q78: =VLOOKUP(поверки!$F78,'соответстиви ОТ типу'!$K$4:$M$344,2,FALSE()) -> Преобразователь давления | R78: Чупин А.А | S78: HMP 331 | T78: 1 | U78: =VLOOKUP(поверки!$T78,'Акты п-п'!$C$5:$I$57,2,FALSE()) -> 45748 | V78: =VLOOKUP(поверки!$T78,'Акты п-п'!$C$5:$I$57,3,FALSE()) -> 45751 | W78: =VLOOKUP(поверки!$T78,'Акты п-п'!$C$5:$I$57,5,FALSE()) -> Чупин А.А. | X78: =поверки!$G78-поверки!$U78 -> 1 | Y78: =поверки!$V78-поверки!$G78 -> 2 | Z78: =CONCATENATE(поверки!$Q78," ",поверки!$S78," номер ",поверки!$H78) -> Преобразователь давления HMP 331 номер 53107266
B79: 29.04.2025 08:43 | C79: Проскурякова Елена Львовна | D79: ООО "РИ-ИНВЕСТ" | F79: 56795-14 | G79: 45749 | H79: 53107265 | J79: Опубликован | K79: Да | L79: С-ЕЖБ/02-04-2025/429337791 | M79: =IF(COUNTIF(поверки!$H$6:$H$3175,поверки!$H79)>1,"Дубликат","") | N79: =IF(COUNTIF(поверки!$L$6:$L$3175,поверки!$L79)>1,"Дубликат","") | O79: 74 | P79: =CONCATENATE(TEXT(MONTH(поверки!$G79),"00"),"/",TEXT(поверки!$O79,"000"), "/",TEXT(YEAR(поверки!$G79)-2000,"00")) -> 04/074/25 | Q79: =VLOOKUP(поверки!$F79,'соответстиви ОТ типу'!$K$4:$M$344,2,FALSE()) -> Преобразователь давления | R79: Чупин А.А | S79: HMP 331 | T79: 1 | U79: =VLOOKUP(поверки!$T79,'Акты п-п'!$C$5:$I$57,2,FALSE()) -> 45748 | V79: =VLOOKUP(поверки!$T79,'Акты п-п'!$C$5:$I$57,3,FALSE()) -> 45751 | W79: =VLOOKUP(поверки!$T79,'Акты п-п'!$C$5:$I$57,5,FALSE()) -> Чупин А.А. | X79: =поверки!$G79-поверки!$U79 -> 1 | Y79: =поверки!$V79-поверки!$G79 -> 2 | Z79: =CONCATENATE(поверки!$Q79," ",поверки!$S79," номер ",поверки!$H79) -> Преобразователь давления HMP 331 номер 53107265
B80: 29.04.2025 08:43 | C80: Проскурякова Елена Львовна | D80: ООО "РИ-ИНВЕСТ" | F80: 35035-14 | G80: 45749 | H80: 12217070852 | J80: Опубликован | K80: Да | L80: С-ЕЖБ/02-04-2025/429337790 | M80: =IF(COUNTIF(поверки!$H$6:$H$3175,поверки!$H80)>1,"Дубликат","") | N80: =IF(COUNTIF(поверки!$L$6:$L$3175,поверки!$L80)>1,"Дубликат","") | O80: 75 | P80: =CONCATENATE(TEXT(MONTH(поверки!$G80),"00"),"/",TEXT(поверки!$O80,"000"), "/",TEXT(YEAR(поверки!$G80)-2000,"00")) -> 04/075/25 | Q80: =VLOOKUP(поверки!$F80,'соответстиви ОТ типу'!$K$4:$M$344,2,FALSE()) -> Преобразователь давления | R80: Чупин А.А | S80: АМ - 2000-GP-9 | T80: 1 | U80: =VLOOKUP(поверки!$T80,'Акты п-п'!$C$5:$I$57,2,FALSE()) -> 45748 | V80: =VLOOKUP(поверки!$T80,'Акты п-п'!$C$5:$I$57,3,FALSE()) -> 45751 | W80: =VLOOKUP(поверки!$T80,'Акты п-п'!$C$5:$I$57,5,FALSE()) -> Чупин А.А. | X80: =поверки!$G80-поверки!$U80 -> 1 | Y80: =поверки!$V80-поверки!$G80 -> 2 | Z80: =CONCATENATE(поверки!$Q80," ",поверки!$S80," номер ",поверки!$H80) -> Преобразователь давления АМ - 2000-GP-9 номер 12217070852
B81: 29.04.2025 08:43 | C81: Проскурякова Елена Львовна | D81: ООО "РИ-ИНВЕСТ" | F81: 35035-14 | G81: 45749 | H81: 12217070990 | J81: Опубликован | K81: Да | L81: С-ЕЖБ/02-04-2025/429337789 | M81: =IF(COUNTIF(поверки!$H$6:$H$3175,поверки!$H81)>1,"Дубликат","") | N81: =IF(COUNTIF(поверки!$L$6:$L$3175,поверки!$L81)>1,"Дубликат","") | O81: 76 | P81: =CONCATENATE(TEXT(MONTH(поверки!$G81),"00"),"/",TEXT(поверки!$O81,"000"), "/",TEXT(YEAR(поверки!$G81)-2000,"00")) -> 04/076/25 | Q81: =VLOOKUP(поверки!$F81,'соответстиви ОТ типу'!$K$4:$M$344,2,FALSE()) -> Преобразователь давления | R81: Чупин А.А | S81: АМ - 2000 DP5 | T81: 1 | U81: =VLOOKUP(поверки!$T81,'Акты п-п'!$C$5:$I$57,2,FALSE()) -> 45748 | V81: =VLOOKUP(поверки!$T81,'Акты п-п'!$C$5:$I$57,3,FALSE()) -> 45751 | W81: =VLOOKUP(поверки!$T81,'Акты п-п'!$C$5:$I$57,5,FALSE()) -> Чупин А.А. | X81: =поверки!$G81-поверки!$U81 -> 1 | Y81: =поверки!$V81-поверки!$G81 -> 2 | Z81: =CONCATENATE(поверки!$Q81," ",поверки!$S81," номер ",поверки!$H81) -> Преобразователь давления АМ - 2000 DP5 номер 12217070990
B82: 29.04.2025 08:43 | C82: Проскурякова Елена Львовна | D82: ООО "РИ-ИНВЕСТ" | F82: 35035-14 | G82: 45749 | H82: 12217070996 | J82: Опубликован | K82: Да | L82: С-ЕЖБ/02-04-2025/429337788 | M82: =IF(COUNTIF(поверки!$H$6:$H$3175,поверки!$H82)>1,"Дубликат","") | N82: =IF(COUNTIF(поверки!$L$6:$L$3175,поверки!$L82)>1,"Дубликат","") | O82: 77 | P82: =CONCATENATE(TEXT(MONTH(поверки!$G82),"00"),"/",TEXT(поверки!$O82,"000"), "/",TEXT(YEAR(поверки!$G82)-2000,"00")) -> 04/077/25 | Q82: =VLOOKUP(поверки!$F82,'соответстиви ОТ типу'!$K$4:$M$344,2,FALSE()) -> Преобразователь давления | R82: Большаков С.Н. | S82: АМ - 2000 DP5 | T82: 1 | U82: =VLOOKUP(поверки!$T82,'Акты п-п'!$C$5:$I$57,2,FALSE()) -> 45748 | V82: =VLOOKUP(поверки!$T82,'Акты п-п'!$C$5:$I$57,3,FALSE()) -> 45751 | W82: =VLOOKUP(поверки!$T82,'Акты п-п'!$C$5:$I$57,5,FALSE()) -> Чупин А.А. | X82: =поверки!$G82-поверки!$U82 -> 1 | Y82: =поверки!$V82-поверки!$G82 -> 2 | Z82: =CONCATENATE(поверки!$Q82," ",поверки!$S82," номер ",поверки!$H82) -> Преобразователь давления АМ - 2000 DP5 номер 12217070996
B83: 29.04.2025 08:43 | C83: Проскурякова Елена Львовна | D83: ООО "РИ-ИНВЕСТ" | F83: 45743-10 | G83: 45749 | H83: N1J9199120095 | J83: Опубликован | K83: Да | L83: С-ЕЖБ/02-04-2025/429337787 | M83: =IF(COUNTIF(поверки!$H$6:$H$3175,поверки!$H83)>1,"Дубликат","") | N83: =IF(COUNTIF(поверки!$L$6:$L$3175,поверки!$L83)>1,"Дубликат","") | O83: 78 | P83: =CONCATENATE(TEXT(MONTH(поверки!$G83),"00"),"/",TEXT(поверки!$O83,"000"), "/",TEXT(YEAR(поверки!$G83)-2000,"00")) -> 04/078/25 | Q83: =VLOOKUP(поверки!$F83,'соответстиви ОТ типу'!$K$4:$M$344,2,FALSE()) -> Преобразователь давления | R83: Большаков С.Н. | S83: SITRANS P | T83: 1 | U83: =VLOOKUP(поверки!$T83,'Акты п-п'!$C$5:$I$57,2,FALSE()) -> 45748 | V83: =VLOOKUP(поверки!$T83,'Акты п-п'!$C$5:$I$57,3,FALSE()) -> 45751 | W83: =VLOOKUP(поверки!$T83,'Акты п-п'!$C$5:$I$57,5,FALSE()) -> Чупин А.А. | X83: =поверки!$G83-поверки!$U83 -> 1 | Y83: =поверки!$V83-поверки!$G83 -> 2 | Z83: =CONCATENATE(поверки!$Q83," ",поверки!$S83," номер ",поверки!$H83) -> Преобразователь давления SITRANS P номер N1J9199120095
B84: 29.04.2025 08:43 | C84: Проскурякова Елена Львовна | D84: ООО "РИ-ИНВЕСТ" | F84: 35035-14 | G84: 45749 | H84: 12217070908 | J84: Опубликован | K84: Да | L84: С-ЕЖБ/02-04-2025/429337786 | M84: =IF(COUNTIF(поверки!$H$6:$H$3175,поверки!$H84)>1,"Дубликат","") | N84: =IF(COUNTIF(поверки!$L$6:$L$3175,поверки!$L84)>1,"Дубликат","") | O84: 79 | P84: =CONCATENATE(TEXT(MONTH(поверки!$G84),"00"),"/",TEXT(поверки!$O84,"000"), "/",TEXT(YEAR(поверки!$G84)-2000,"00")) -> 04/079/25 | Q84: =VLOOKUP(поверки!$F84,'соответстиви ОТ типу'!$K$4:$M$344,2,FALSE()) -> Преобразователь давления | R84: Большаков С.Н. | S84: АМ - 2000 TG7 | T84: 1 | U84: =VLOOKUP(поверки!$T84,'Акты п-п'!$C$5:$I$57,2,FALSE()) -> 45748 | V84: =VLOOKUP(поверки!$T84,'Акты п-п'!$C$5:$I$57,3,FALSE()) -> 45751 | W84: =VLOOKUP(поверки!$T84,'Акты п-п'!$C$5:$I$57,5,FALSE()) -> Чупин А.А. | X84: =поверки!$G84-поверки!$U84 -> 1 | Y84: =поверки!$V84-поверки!$G84 -> 2 | Z84: =CONCATENATE(поверки!$Q84," ",поверки!$S84," номер ",поверки!$H84) -> Преобразователь давления АМ - 2000 TG7 номер 12217070908
B85: 29.04.2025 08:43 | C85: Проскурякова Елена Львовна | D85: ООО "РИ-ИНВЕСТ" | F85: 59868-15 | G85: 45749 | H85: 91R808435 | J85: Опубликован | K85: Да | L85: С-ЕЖБ/02-04-2025/429337785 | M85: =IF(COUNTIF(поверки!$H$6:$H$3175,поверки!$H85)>1,"Дубликат","") | N85: =IF(COUNTIF(поверки!$L$6:$L$3175,поверки!$L85)>1,"Дубликат","") | O85: 80 | P85: =CONCATENATE(TEXT(MONTH(поверки!$G85),"00"),"/",TEXT(поверки!$O85,"000"), "/",TEXT(YEAR(поверки!$G85)-2000,"00")) -> 04/080/25 | Q85: =VLOOKUP(поверки!$F85,'соответстиви ОТ типу'!$K$4:$M$344,2,FALSE()) -> Преобразователь давления | R85: Большаков С.Н. | S85: EJX 530A | T85: 1 | U85: =VLOOKUP(поверки!$T85,'Акты п-п'!$C$5:$I$57,2,FALSE()) -> 45748 | V85: =VLOOKUP(поверки!$T85,'Акты п-п'!$C$5:$I$57,3,FALSE()) -> 45751 | W85: =VLOOKUP(поверки!$T85,'Акты п-п'!$C$5:$I$57,5,FALSE()) -> Чупин А.А. | X85: =поверки!$G85-поверки!$U85 -> 1 | Y85: =поверки!$V85-поверки!$G85 -> 2 | Z85: =CONCATENATE(поверки!$Q85," ",поверки!$S85," номер ",поверки!$H85) -> Преобразователь давления EJX 530A номер 91R808435
B86: 29.04.2025 08:43 | C86: Проскурякова Елена Львовна | D86: ООО "РИ-ИНВЕСТ" | F86: 56419-14 | G86: 45749 | H86: 4030683 | J86: Опубликован | K86: Да | L86: С-ЕЖБ/02-04-2025/429337784 | M86: =IF(COUNTIF(поверки!$H$6:$H$3175,поверки!$H86)>1,"Дубликат","") | N86: =IF(COUNTIF(поверки!$L$6:$L$3175,поверки!$L86)>1,"Дубликат","") | O86: 81 | P86: =CONCATENATE(TEXT(MONTH(поверки!$G86),"00"),"/",TEXT(поверки!$O86,"000"), "/",TEXT(YEAR(поверки!$G86)-2000,"00")) -> 04/081/25 | Q86: =VLOOKUP(поверки!$F86,'соответстиви ОТ типу'!$K$4:$M$344,2,FALSE()) -> Преобразователь давления | R86: Большаков С.Н. | S86: 2051TG3 | T86: 1 | U86: =VLOOKUP(поверки!$T86,'Акты п-п'!$C$5:$I$57,2,FALSE()) -> 45748 | V86: =VLOOKUP(поверки!$T86,'Акты п-п'!$C$5:$I$57,3,FALSE()) -> 45751 | W86: =VLOOKUP(поверки!$T86,'Акты п-п'!$C$5:$I$57,5,FALSE()) -> Чупин А.А. | X86: =поверки!$G86-поверки!$U86 -> 1 | Y86: =поверки!$V86-поверки!$G86 -> 2 | Z86: =CONCATENATE(поверки!$Q86," ",поверки!$S86," номер ",поверки!$H86) -> Преобразователь давления 2051TG3 номер 4030683
B87: 29.04.2025 08:43 | C87: Проскурякова Елена Львовна | D87: ООО "РИ-ИНВЕСТ" | F87: 28456-04 | G87: 45749 | H87: 91J622071 | J87: Опубликован | K87: Да | L87: С-ЕЖБ/02-04-2025/429337783 | M87: =IF(COUNTIF(поверки!$H$6:$H$3175,поверки!$H87)>1,"Дубликат","") | N87: =IF(COUNTIF(поверки!$L$6:$L$3175,поверки!$L87)>1,"Дубликат","") | O87: 82 | P87: =CONCATENATE(TEXT(MONTH(поверки!$G87),"00"),"/",TEXT(поверки!$O87,"000"), "/",TEXT(YEAR(поверки!$G87)-2000,"00")) -> 04/082/25 | Q87: =VLOOKUP(поверки!$F87,'соответстиви ОТ типу'!$K$4:$M$344,2,FALSE()) -> Преобразователь давления | R87: Большаков С.Н. | S87: EJX 530A | T87: 1 | U87: =VLOOKUP(поверки!$T87,'Акты п-п'!$C$5:$I$57,2,FALSE()) -> 45748 | V87: =VLOOKUP(поверки!$T87,'Акты п-п'!$C$5:$I$57,3,FALSE()) -> 45751 | W87: =VLOOKUP(поверки!$T87,'Акты п-п'!$C$5:$I$57,5,FALSE()) -> Чупин А.А. | X87: =поверки!$G87-поверки!$U87 -> 1 | Y87: =поверки!$V87-поверки!$G87 -> 2 | Z87: =CONCATENATE(поверки!$Q87," ",поверки!$S87," номер ",поверки!$H87) -> Преобразователь давления EJX 530A номер 91J622071
... B89: 29.04.2025 08:43 | C89: Проскурякова Елена Львовна | D89: ООО "РИ-ИНВЕСТ" | F89: 28456-09 | G89: 45749 | H89: 91P716175 | J89: Опубликован | K89: Да | L89: С-ЕЖБ/02-04-2025/429337781 | M89: =IF(COUNTIF(поверки!$H$6:$H$3175,поверки!$H89)>1,"Дубликат","") | N89: =IF(COUNTIF(поверки!$L$6:$L$3175,поверки!$L89)>1,"Дубликат","") | O89: 84 | P89: =CONCATENATE(TEXT(MONTH(поверки!$G89),"00"),"/",TEXT(поверки!$O89,"000"), "/",TEXT(YEAR(поверки!$G89)-2000,"00")) -> 04/084/25 | Q89: =VLOOKUP(поверки!$F89,'соответстиви ОТ типу'!$K$4:$M$344,2,FALSE()) -> Преобразователь давления | R89: Большаков С.Н. | S89: EJX 530A | T89: 1 | U89: =VLOOKUP(поверки!$T89,'Акты п-п'!$C$5:$I$57,2,FALSE()) -> 45748 | V89: =VLOOKUP(поверки!$T89,'Акты п-п'!$C$5:$I$57,3,FALSE()) -> 45751 | W89: =VLOOKUP(поверки!$T89,'Акты п-п'!$C$5:$I$57,5,FALSE()) -> Чупин А.А. | X89: =поверки!$G89-поверки!$U89 -> 1 | Y89: =поверки!$V89-поверки!$G89 -> 2 | Z89: =CONCATENATE(поверки!$Q89," ",поверки!$S89," номер ",поверки!$H89) -> Преобразователь давления EJX 530A номер 91P716175
B90: 06.05.2025 14:28 | C90: Проскурякова Елена Львовна | D90: ООО "РИ-ИНВЕСТ" | E90: Термометры биметаллические показывающие | F90: 46078-11 | G90: 45750 | H90: 8998 | J90: Опубликован | K90: Да | L90: С-ЕЖБ/03-04-2025/429344861 | M90: =IF(COUNTIF(поверки!$H$6:$H$3175,поверки!$H90)>1,"Дубликат","") | N90: =IF(COUNTIF(поверки!$L$6:$L$3175,поверки!$L90)>1,"Дубликат","") | O90: 85 | P90: =CONCATENATE(TEXT(MONTH(поверки!$G90),"00"),"/",TEXT(поверки!$O90,"000"), "/",TEXT(YEAR(поверки!$G90)-2000,"00")) -> 04/085/25 | Q90: =VLOOKUP(поверки!$F90,'соответстиви ОТ типу'!$K$4:$M$344,2,FALSE()) -> Термометр биметаллический | R90: Большаков С.Н. | S90: ТБ-2 | T90: 1 | U90: =VLOOKUP(поверки!$T90,'Акты п-п'!$C$5:$I$57,2,FALSE()) -> 45748 | V90: =VLOOKUP(поверки!$T90,'Акты п-п'!$C$5:$I$57,3,FALSE()) -> 45751 | W90: =VLOOKUP(поверки!$T90,'Акты п-п'!$C$5:$I$57,5,FALSE()) -> Чупин А.А. | X90: =поверки!$G90-поверки!$U90 -> 2 | Y90: =поверки!$V90-поверки!$G90 -> 1 | Z90: =CONCATENATE(поверки!$Q90," ",поверки!$S90," номер ",поверки!$H90) -> Термометр биметаллический ТБ-2 номер 8998
B91: 06.05.2025 14:27 | C91: Проскурякова Елена Львовна | D91: ООО "РИ-ИНВЕСТ" | E91: Термометры биметаллические показывающие | F91: 46078-11 | G91: 45750 | H91: 9002 | J91: Опубликован | K91: Да | L91: С-ЕЖБ/03-04-2025/429344860 | M91: =IF(COUNTIF(поверки!$H$6:$H$3175,поверки!$H91)>1,"Дубликат","") | N91: =IF(COUNTIF(поверки!$L$6:$L$3175,поверки!$L91)>1,"Дубликат","") | O91: 86 | P91: =CONCATENATE(TEXT(MONTH(поверки!$G91),"00"),"/",TEXT(поверки!$O91,"000"), "/",TEXT(YEAR(поверки!$G91)-2000,"00")) -> 04/086/25 | Q91: =VLOOKUP(поверки!$F91,'соответстиви ОТ типу'!$K$4:$M$344,2,FALSE()) -> Термометр биметаллический | R91: Большаков С.Н. | S91: ТБ-2 | T91: 1 | U91: =VLOOKUP(поверки!$T91,'Акты п-п'!$C$5:$I$57,2,FALSE()) -> 45748 | V91: =VLOOKUP(поверки!$T91,'Акты п-п'!$C$5:$I$57,3,FALSE()) -> 45751 | W91: =VLOOKUP(поверки!$T91,'Акты п-п'!$C$5:$I$57,5,FALSE()) -> Чупин А.А. | X91: =поверки!$G91-поверки!$U91 -> 2 | Y91: =поверки!$V91-поверки!$G91 -> 1 | Z91: =CONCATENATE(поверки!$Q91," ",поверки!$S91," номер ",поверки!$H91) -> Термометр биметаллический ТБ-2 номер 9002
B92: 06.05.2025 14:26 | C92: Проскурякова Елена Львовна | D92: ООО "РИ-ИНВЕСТ" | E92: Термометры биметаллические показывающие | F92: 46078-11 | G92: 45750 | H92: 8893 | J92: Опубликован | K92: Да | L92: С-ЕЖБ/03-04-2025/429344859 | N92: =IF(COUNTIF(поверки!$L$6:$L$3175,поверки!$L92)>1,"Дубликат","") | O92: 87 | P92: =CONCATENATE(TEXT(MONTH(поверки!$G92),"00"),"/",TEXT(поверки!$O92,"000"), "/",TEXT(YEAR(поверки!$G92)-2000,"00")) -> 04/087/25 | Q92: =VLOOKUP(поверки!$F92,'соответстиви ОТ типу'!$K$4:$M$344,2,FALSE()) -> Термометр биметаллический | R92: Большаков С.Н. | S92: ТБ-2 | T92: 1 | U92: =VLOOKUP(поверки!$T92,'Акты п-п'!$C$5:$I$57,2,FALSE()) -> 45748 | V92: =VLOOKUP(поверки!$T92,'Акты п-п'!$C$5:$I$57,3,FALSE()) -> 45751 | W92: =VLOOKUP(поверки!$T92,'Акты п-п'!$C$5:$I$57,5,FALSE()) -> Чупин А.А. | X92: =поверки!$G92-поверки!$U92 -> 2 | Y92: =поверки!$V92-поверки!$G92 -> 1 | Z92: =CONCATENATE(поверки!$Q92," ",поверки!$S92," номер ",поверки!$H92) -> Термометр биметаллический ТБ-2 номер 8893
B93: 29.04.2025 09:10 | C93: Проскурякова Елена Львовна | D93: ООО "РИ-ИНВЕСТ" | F93: 26221-08 | G93: 45750 | H93: 05417 | J93: Опубликован | K93: Да | L93: С-ЕЖБ/03-04-2025/429344858 | M93: =IF(COUNTIF(поверки!$H$6:$H$3175,поверки!$H93)>1,"Дубликат","") | N93: =IF(COUNTIF(поверки!$L$6:$L$3175,поверки!$L93)>1,"Дубликат","") | O93: 88 | P93: =CONCATENATE(TEXT(MONTH(поверки!$G93),"00"),"/",TEXT(поверки!$O93,"000"), "/",TEXT(YEAR(поверки!$G93)-2000,"00")) -> 04/088/25 | Q93: =VLOOKUP(поверки!$F93,'соответстиви ОТ типу'!$K$4:$M$344,2,FALSE()) -> Термометр биметаллический | R93: Большаков С.Н. | S93: БТ5 | T93: 1 | U93: =VLOOKUP(поверки!$T93,'Акты п-п'!$C$5:$I$57,2,FALSE()) -> 45748 | V93: =VLOOKUP(поверки!$T93,'Акты п-п'!$C$5:$I$57,3,FALSE()) -> 45751 | W93: =VLOOKUP(поверки!$T93,'Акты п-п'!$C$5:$I$57,5,FALSE()) -> Чупин А.А. | X93: =поверки!$G93-поверки!$U93 -> 2 | Y93: =поверки!$V93-поверки!$G93 -> 1 | Z93: =CONCATENATE(поверки!$Q93," ",поверки!$S93," номер ",поверки!$H93) -> Термометр биметаллический БТ5 номер 05417
B94: 29.04.2025 09:10 | C94: Проскурякова Елена Львовна | D94: ООО "РИ-ИНВЕСТ" | F94: 54520-13 | G94: 45750 | H94: 11052XPN | J94: Опубликован | K94: Да | L94: С-ЕЖБ/03-04-2025/429344857 | M94: =IF(COUNTIF(поверки!$H$6:$H$3175,поверки!$H94)>1,"Дубликат","") | N94: =IF(COUNTIF(поверки!$L$6:$L$3175,поверки!$L94)>1,"Дубликат","") | O94: 89 | P94: =CONCATENATE(TEXT(MONTH(поверки!$G94),"00"),"/",TEXT(поверки!$O94,"000"), "/",TEXT(YEAR(поверки!$G94)-2000,"00")) -> 04/089/25 | Q94: =VLOOKUP(поверки!$F94,'соответстиви ОТ типу'!$K$4:$M$344,2,FALSE()) -> Термометр биметаллический | R94: Большаков С.Н. | S94: серия 55 мод.A5500 | T94: 1 | U94: =VLOOKUP(поверки!$T94,'Акты п-п'!$C$5:$I$57,2,FALSE()) -> 45748 | V94: =VLOOKUP(поверки!$T94,'Акты п-п'!$C$5:$I$57,3,FALSE()) -> 45751 | W94: =VLOOKUP(поверки!$T94,'Акты п-п'!$C$5:$I$57,5,FALSE()) -> Чупин А.А. | X94: =поверки!$G94-поверки!$U94 -> 2 | Y94: =поверки!$V94-поверки!$G94 -> 1 | Z94: =CONCATENATE(поверки!$Q94," ",поверки!$S94," номер ",поверки!$H94) -> Термометр биметаллический серия 55 мод.A5500 номер 11052XPN
B95: 29.04.2025 09:05 | C95: Проскурякова Елена Львовна | D95: ООО "РИ-ИНВЕСТ" | F95: 10135-05 | G95: 45750 | H95: Р00222 | J95: Опубликован | K95: Да | L95: С-ЕЖБ/03-04-2025/429343076 | M95: =IF(COUNTIF(поверки!$H$6:$H$3175,поверки!$H95)>1,"Дубликат","") | N95: =IF(COUNTIF(поверки!$L$6:$L$3175,поверки!$L95)>1,"Дубликат","") | O95: 90 | P95: =CONCATENATE(TEXT(MONTH(поверки!$G95),"00"),"/",TEXT(поверки!$O95,"000"), "/",TEXT(YEAR(поверки!$G95)-2000,"00")) -> 04/090/25 | Q95: =VLOOKUP(поверки!$F95,'соответстиви ОТ типу'!$K$4:$M$344,2,FALSE()) -> Манометр | R95: Большаков С.Н. | S95: МП3-УУ2 | T95: 1 | U95: =VLOOKUP(поверки!$T95,'Акты п-п'!$C$5:$I$57,2,FALSE()) -> 45748 | V95: =VLOOKUP(поверки!$T95,'Акты п-п'!$C$5:$I$57,3,FALSE()) -> 45751 | W95: =VLOOKUP(поверки!$T95,'Акты п-п'!$C$5:$I$57,5,FALSE()) -> Чупин А.А. | X95: =поверки!$G95-поверки!$U95 -> 2 | Y95: =поверки!$V95-поверки!$G95 -> 1 | Z95: =CONCATENATE(поверки!$Q95," ",поверки!$S95," номер ",поверки!$H95) -> Манометр МП3-УУ2 номер Р00222
B96: 29.04.2025 09:05 | C96: Проскурякова Елена Львовна | D96: ООО "РИ-ИНВЕСТ" | F96: 10135-05 | G96: 45750 | H96: Р00221 | J96: Опубликован | K96: Да | L96: С-ЕЖБ/03-04-2025/429343074 | M96: =IF(COUNTIF(поверки!$H$6:$H$3175,поверки!$H96)>1,"Дубликат","") | N96: =IF(COUNTIF(поверки!$L$6:$L$3175,поверки!$L96)>1,"Дубликат","") | O96: 91 | P96: =CONCATENATE(TEXT(MONTH(поверки!$G96),"00"),"/",TEXT(поверки!$O96,"000"), "/",TEXT(YEAR(поверки!$G96)-2000,"00")) -> 04/091/25 | Q96: =VLOOKUP(поверки!$F96,'соответстиви ОТ типу'!$K$4:$M$344,2,FALSE()) -> Манометр | R96: Большаков С.Н. | S96: МП3-УУ2 | T96: 1 | U96: =VLOOKUP(поверки!$T96,'Акты п-п'!$C$5:$I$57,2,FALSE()) -> 45748 | V96: =VLOOKUP(поверки!$T96,'Акты п-п'!$C$5:$I$57,3,FALSE()) -> 45751 | W96: =VLOOKUP(поверки!$T96,'Акты п-п'!$C$5:$I$57,5,FALSE()) -> Чупин А.А. | X96: =поверки!$G96-поверки!$U96 -> 2 | Y96: =поверки!$V96-поверки!$G96 -> 1 | Z96: =CONCATENATE(поверки!$Q96," ",поверки!$S96," номер ",поверки!$H96) -> Манометр МП3-УУ2 номер Р00221
B97: 29.04.2025 09:05 | C97: Проскурякова Елена Львовна | D97: ООО "РИ-ИНВЕСТ" | F97: 25913-08 | G97: 45750 | H97: Р00380 | J97: Опубликован | K97: Да | L97: С-ЕЖБ/03-04-2025/429343073 | M97: =IF(COUNTIF(поверки!$H$6:$H$3175,поверки!$H97)>1,"Дубликат","") | N97: =IF(COUNTIF(поверки!$L$6:$L$3175,поверки!$L97)>1,"Дубликат","") | O97: 92 | P97: =CONCATENATE(TEXT(MONTH(поверки!$G97),"00"),"/",TEXT(поверки!$O97,"000"), "/",TEXT(YEAR(поверки!$G97)-2000,"00")) -> 04/092/25 | Q97: =VLOOKUP(поверки!$F97,'соответстиви ОТ типу'!$K$4:$M$344,2,FALSE()) -> Манометр | R97: Большаков С.Н. | S97: ТМ5 | T97: 1 | U97: =VLOOKUP(поверки!$T97,'Акты п-п'!$C$5:$I$57,2,FALSE()) -> 45748 | V97: =VLOOKUP(поверки!$T97,'Акты п-п'!$C$5:$I$57,3,FALSE()) -> 45751 | W97: =VLOOKUP(поверки!$T97,'Акты п-п'!$C$5:$I$57,5,FALSE()) -> Чупин А.А. | X97: =поверки!$G97-поверки!$U97 -> 2 | Y97: =поверки!$V97-поверки!$G97 -> 1 | Z97: =CONCATENATE(поверки!$Q97," ",поверки!$S97," номер ",поверки!$H97) -> Манометр ТМ5 номер Р00380
B98: 29.04.2025 09:05 | C98: Проскурякова Елена Львовна | D98: ООО "РИ-ИНВЕСТ" | F98: 25913-08 | G98: 45750 | H98: Р00805 | J98: Опубликован | K98: Да | L98: С-ЕЖБ/03-04-2025/429343072 | M98: =IF(COUNTIF(поверки!$H$6:$H$3175,поверки!$H98)>1,"Дубликат","") | N98: =IF(COUNTIF(поверки!$L$6:$L$3175,поверки!$L98)>1,"Дубликат","") | O98: 93 | P98: =CONCATENATE(TEXT(MONTH(поверки!$G98),"00"),"/",TEXT(поверки!$O98,"000"), "/",TEXT(YEAR(поверки!$G98)-2000,"00")) -> 04/093/25 | Q98: =VLOOKUP(поверки!$F98,'соответстиви ОТ типу'!$K$4:$M$344,2,FALSE()) -> Манометр | R98: Большаков С.Н. | S98: ТМ5 | T98: 1 | U98: =VLOOKUP(поверки!$T98,'Акты п-п'!$C$5:$I$57,2,FALSE()) -> 45748 | V98: =VLOOKUP(поверки!$T98,'Акты п-п'!$C$5:$I$57,3,FALSE()) -> 45751 | W98: =VLOOKUP(поверки!$T98,'Акты п-п'!$C$5:$I$57,5,FALSE()) -> Чупин А.А. | X98: =поверки!$G98-поверки!$U98 -> 2 | Y98: =поверки!$V98-поверки!$G98 -> 1 | Z98: =CONCATENATE(поверки!$Q98," ",поверки!$S98," номер ",поверки!$H98) -> Манометр ТМ5 номер Р00805
B99: 29.04.2025 09:05 | C99: Проскурякова Елена Львовна | D99: ООО "РИ-ИНВЕСТ" | F99: 25913-08 | G99: 45750 | H99: Р00716 | J99: Опубликован | K99: Да | L99: С-ЕЖБ/03-04-2025/429343070 | M99: =IF(COUNTIF(поверки!$H$6:$H$3175,поверки!$H99)>1,"Дубликат","") | N99: =IF(COUNTIF(поверки!$L$6:$L$3175,поверки!$L99)>1,"Дубликат","") | O99: 94 | P99: =CONCATENATE(TEXT(MONTH(поверки!$G99),"00"),"/",TEXT(поверки!$O99,"000"), "/",TEXT(YEAR(поверки!$G99)-2000,"00")) -> 04/094/25 | Q99: =VLOOKUP(поверки!$F99,'соответстиви ОТ типу'!$K$4:$M$344,2,FALSE()) -> Манометр | R99: Большаков С.Н. | S99: ТМ5 | T99: 1 | U99: =VLOOKUP(поверки!$T99,'Акты п-п'!$C$5:$I$57,2,FALSE()) -> 45748 | V99: =VLOOKUP(поверки!$T99,'Акты п-п'!$C$5:$I$57,3,FALSE()) -> 45751 | W99: =VLOOKUP(поверки!$T99,'Акты п-п'!$C$5:$I$57,5,FALSE()) -> Чупин А.А. | X99: =поверки!$G99-поверки!$U99 -> 2 | Y99: =поверки!$V99-поверки!$G99 -> 1 | Z99: =CONCATENATE(поверки!$Q99," ",поверки!$S99," номер ",поверки!$H99) -> Манометр ТМ5 номер Р00716
B100: 29.04.2025 09:05 | C100: Проскурякова Елена Львовна | D100: ООО "РИ-ИНВЕСТ" | F100: 25913-08 | G100: 45750 | H100: Р00715 | J100: Опубликован | K100: Да | L100: С-ЕЖБ/03-04-2025/429343069 | M100: =IF(COUNTIF(поверки!$H$6:$H$3175,поверки!$H100)>1,"Дубликат","") | N100: =IF(COUNTIF(поверки!$L$6:$L$3175,поверки!$L100)>1,"Дубликат","") | O100: 95 | P100: =CONCATENATE(TEXT(MONTH(поверки!$G100),"00"),"/",TEXT(поверки!$O100,"000"), "/",TEXT(YEAR(поверки!$G100)-2000,"00")) -> 04/095/25 | Q100: =VLOOKUP(поверки!$F100,'соответстиви ОТ типу'!$K$4:$M$344,2,FALSE()) -> Манометр | R100: Большаков С.Н. | S100: ТМ5 | T100: 1 | U100: =VLOOKUP(поверки!$T100,'Акты п-п'!$C$5:$I$57,2,FALSE()) -> 45748 | V100: =VLOOKUP(поверки!$T100,'Акты п-п'!$C$5:$I$57,3,FALSE()) -> 45751 | W100: =VLOOKUP(поверки!$T100,'Акты п-п'!$C$5:$I$57,5,FALSE()) -> Чупин А.А. | X100: =поверки!$G100-поверки!$U100 -> 2 | Y100: =поверки!$V100-поверки!$G100 -> 1 | Z100: =CONCATENATE(поверки!$Q100," ",поверки!$S100," номер ",поверки!$H100) -> Манометр ТМ5 номер Р00715
B101: 29.04.2025 09:05 | C101: Проскурякова Елена Львовна | D101: ООО "РИ-ИНВЕСТ" | F101: 25264-03 | G101: 45750 | H101: Р00044 | J101: Опубликован | K101: Да | L101: С-ЕЖБ/03-04-2025/429343068 | M101: =IF(COUNTIF(поверки!$H$6:$H$3175,поверки!$H101)>1,"Дубликат","") | N101: =IF(COUNTIF(поверки!$L$6:$L$3175,поверки!$L101)>1,"Дубликат","") | O101: 96 | P101: =CONCATENATE(TEXT(MONTH(поверки!$G101),"00"),"/",TEXT(поверки!$O101,"000"), "/",TEXT(YEAR(поверки!$G101)-2000,"00")) -> 04/096/25 | Q101: =VLOOKUP(поверки!$F101,'соответстиви ОТ типу'!$K$4:$M$344,2,FALSE()) -> Манометр | R101: Большаков С.Н. | S101: ДМ02-100-1-М | T101: 1 | U101: =VLOOKUP(поверки!$T101,'Акты п-п'!$C$5:$I$57,2,FALSE()) -> 45748 | V101: =VLOOKUP(поверки!$T101,'Акты п-п'!$C$5:$I$57,3,FALSE()) -> 45751 | W101: =VLOOKUP(поверки!$T101,'Акты п-п'!$C$5:$I$57,5,FALSE()) -> Чупин А.А. | X101: =поверки!$G101-поверки!$U101 -> 2 | Y101: =поверки!$V101-поверки!$G101 -> 1 | Z101: =CONCATENATE(поверки!$Q101," ",поверки!$S101," номер ",поверки!$H101) -> Манометр ДМ02-100-1-М номер Р00044
B102: 29.04.2025 09:05 | C102: Проскурякова Елена Львовна | D102: ООО "РИ-ИНВЕСТ" | F102: 25264-03 | G102: 45750 | H102: Р00523 | J102: Опубликован | K102: Да | L102: С-ЕЖБ/03-04-2025/429343067 | N102: =IF(COUNTIF(поверки!$L$6:$L$3175,поверки!$L102)>1,"Дубликат","") | O102: 97 | P102: =CONCATENATE(TEXT(MONTH(поверки!$G102),"00"),"/",TEXT(поверки!$O102,"000"), "/",TEXT(YEAR(поверки!$G102)-2000,"00")) -> 04/097/25 | Q102: =VLOOKUP(поверки!$F102,'соответстиви ОТ типу'!$K$4:$M$344,2,FALSE()) -> Манометр | R102: Большаков С.Н. | S102: ДМ02-100-1-М | T102: 1 | U102: =VLOOKUP(поверки!$T102,'Акты п-п'!$C$5:$I$57,2,FALSE()) -> 45748 | V102: =VLOOKUP(поверки!$T102,'Акты п-п'!$C$5:$I$57,3,FALSE()) -> 45751 | W102: =VLOOKUP(поверки!$T102,'Акты п-п'!$C$5:$I$57,5,FALSE()) -> Чупин А.А. | X102: =поверки!$G102-поверки!$U102 -> 2 | Y102: =поверки!$V102-поверки!$G102 -> 1 | Z102: =CONCATENATE(поверки!$Q102," ",поверки!$S102," номер ",поверки!$H102) -> Манометр ДМ02-100-1-М номер Р00523
B103: 29.04.2025 09:05 | C103: Проскурякова Елена Львовна | D103: ООО "РИ-ИНВЕСТ" | F103: 25264-03 | G103: 45750 | H103: Р00672 | J103: Опубликован | K103: Да | L103: С-ЕЖБ/03-04-2025/429343065 | N103: =IF(COUNTIF(поверки!$L$6:$L$3175,поверки!$L103)>1,"Дубликат","") | O103: 98 | P103: =CONCATENATE(TEXT(MONTH(поверки!$G103),"00"),"/",TEXT(поверки!$O103,"000"), "/",TEXT(YEAR(поверки!$G103)-2000,"00")) -> 04/098/25 | Q103: =VLOOKUP(поверки!$F103,'соответстиви ОТ типу'!$K$4:$M$344,2,FALSE()) -> Манометр | R103: Большаков С.Н. | S103: ДМ02-100-1-М | T103: 1 | U103: =VLOOKUP(поверки!$T103,'Акты п-п'!$C$5:$I$57,2,FALSE()) -> 45748 | V103: =VLOOKUP(поверки!$T103,'Акты п-п'!$C$5:$I$57,3,FALSE()) -> 45751 | W103: =VLOOKUP(поверки!$T103,'Акты п-п'!$C$5:$I$57,5,FALSE()) -> Чупин А.А. | X103: =поверки!$G103-поверки!$U103 -> 2 | Y103: =поверки!$V103-поверки!$G103 -> 1 | Z103: =CONCATENATE(поверки!$Q103," ",поверки!$S103," номер ",поверки!$H103) -> Манометр ДМ02-100-1-М номер Р00672
B104: 29.04.2025 09:05 | C104: Проскурякова Елена Львовна | D104: ООО "РИ-ИНВЕСТ" | F104: 25264-03 | G104: 45750 | H104: Р00096 | J104: Опубликован | K104: Да | L104: С-ЕЖБ/03-04-2025/429343064 | N104: =IF(COUNTIF(поверки!$L$6:$L$3175,поверки!$L104)>1,"Дубликат","") | O104: 99 | P104: =CONCATENATE(TEXT(MONTH(поверки!$G104),"00"),"/",TEXT(поверки!$O104,"000"), "/",TEXT(YEAR(поверки!$G104)-2000,"00")) -> 04/099/25 | Q104: =VLOOKUP(поверки!$F104,'соответстиви ОТ типу'!$K$4:$M$344,2,FALSE()) -> Манометр | R104: Большаков С.Н. | S104: ДМ02-100-1-М | T104: 1 | U104: =VLOOKUP(поверки!$T104,'Акты п-п'!$C$5:$I$57,2,FALSE()) -> 45748 | V104: =VLOOKUP(поверки!$T104,'Акты п-п'!$C$5:$I$57,3,FALSE()) -> 45751 | W104: =VLOOKUP(поверки!$T104,'Акты п-п'!$C$5:$I$57,5,FALSE()) -> Чупин А.А. | X104: =поверки!$G104-поверки!$U104 -> 2 | Y104: =поверки!$V104-поверки!$G104 -> 1 | Z104: =CONCATENATE(поверки!$Q104," ",поверки!$S104," номер ",поверки!$H104) -> Манометр ДМ02-100-1-М номер Р00096
B105: 29.04.2025 09:05 | C105: Проскурякова Елена Львовна | D105: ООО "РИ-ИНВЕСТ" | F105: 25264-08 | G105: 45750 | H105: Р00243 | J105: Опубликован | K105: Да | L105: С-ЕЖБ/03-04-2025/429343063 | N105: =IF(COUNTIF(поверки!$L$6:$L$3175,поверки!$L105)>1,"Дубликат","") | O105: 100 | P105: =CONCATENATE(TEXT(MONTH(поверки!$G105),"00"),"/",TEXT(поверки!$O105,"000"), "/",TEXT(YEAR(поверки!$G105)-2000,"00")) -> 04/100/25 | Q105: =VLOOKUP(поверки!$F105,'соответстиви ОТ типу'!$K$4:$M$344,2,FALSE()) -> Манометр | R105: Большаков С.Н. | S105: ДМ02-100-1-G | T105: 1 | U105: =VLOOKUP(поверки!$T105,'Акты п-п'!$C$5:$I$57,2,FALSE()) -> 45748 | V105: =VLOOKUP(поверки!$T105,'Акты п-п'!$C$5:$I$57,3,FALSE()) -> 45751 | W105: =VLOOKUP(поверки!$T105,'Акты п-п'!$C$5:$I$57,5,FALSE()) -> Чупин А.А. | X105: =поверки!$G105-поверки!$U105 -> 2 | Y105: =поверки!$V105-поверки!$G105 -> 1 | Z105: =CONCATENATE(поверки!$Q105," ",поверки!$S105," номер ",поверки!$H105) -> Манометр ДМ02-100-1-G номер Р00243
B106: 29.04.2025 09:05 | C106: Проскурякова Елена Львовна | D106: ООО "РИ-ИНВЕСТ" | F106: 10135-05 | G106: 45750 | H106: Р00047 | J106: Опубликован | K106: Да | L106: С-ЕЖБ/03-04-2025/429343061 | N106: =IF(COUNTIF(поверки!$L$6:$L$3175,поверки!$L106)>1,"Дубликат","") | O106: 101 | P106: =CONCATENATE(TEXT(MONTH(поверки!$G106),"00"),"/",TEXT(поверки!$O106,"000"), "/",TEXT(YEAR(поверки!$G106)-2000,"00")) -> 04/101/25 | Q106: =VLOOKUP(поверки!$F106,'соответстиви ОТ типу'!$K$4:$M$344,2,FALSE()) -> Манометр | R106: Большаков С.Н. | S106: МП3-УУ2 | T106: 1 | U106: =VLOOKUP(поверки!$T106,'Акты п-п'!$C$5:$I$57,2,FALSE()) -> 45748 | V106: =VLOOKUP(поверки!$T106,'Акты п-п'!$C$5:$I$57,3,FALSE()) -> 45751 | W106: =VLOOKUP(поверки!$T106,'Акты п-п'!$C$5:$I$57,5,FALSE()) -> Чупин А.А. | X106: =поверки!$G106-поверки!$U106 -> 2 | Y106: =поверки!$V106-поверки!$G106 -> 1 | Z106: =CONCATENATE(поверки!$Q106," ",поверки!$S106," номер ",поверки!$H106) -> Манометр МП3-УУ2 номер Р00047
B107: 29.04.2025 09:05 | C107: Проскурякова Елена Львовна | D107: ООО "РИ-ИНВЕСТ" | F107: 55984-13 | G107: 45750 | H107: 00489 | J107: Опубликован | K107: Да | L107: С-ЕЖБ/03-04-2025/429343146 | N107: =IF(COUNTIF(поверки!$L$6:$L$3175,поверки!$L107)>1,"Дубликат","") | O107: 102 | P107: =CONCATENATE(TEXT(MONTH(поверки!$G107),"00"),"/",TEXT(поверки!$O107,"000"), "/",TEXT(YEAR(поверки!$G107)-2000,"00")) -> 04/102/25 | Q107: =VLOOKUP(поверки!$F107,'соответстиви ОТ типу'!$K$4:$M$344,2,FALSE()) -> Манометр | R107: Большаков С.Н. | S107: 233.50.160 | T107: 1 | U107: =VLOOKUP(поверки!$T107,'Акты п-п'!$C$5:$I$57,2,FALSE()) -> 45748 | V107: =VLOOKUP(поверки!$T107,'Акты п-п'!$C$5:$I$57,3,FALSE()) -> 45751 | W107: =VLOOKUP(поверки!$T107,'Акты п-п'!$C$5:$I$57,5,FALSE()) -> Чупин А.А. | X107: =поверки!$G107-поверки!$U107 -> 2 | Y107: =поверки!$V107-поверки!$G107 -> 1 | Z107: =CONCATENATE(поверки!$Q107," ",поверки!$S107," номер ",поверки!$H107) -> Манометр 233.50.160 номер 00489
B108: 29.04.2025 09:05 | C108: Проскурякова Елена Львовна | D108: ООО "РИ-ИНВЕСТ" | F108: 55984-13 | G108: 45750 | H108: 00593 | J108: Опубликован | K108: Да | L108: С-ЕЖБ/03-04-2025/429343145 | N108: =IF(COUNTIF(поверки!$L$6:$L$3175,поверки!$L108)>1,"Дубликат","") | O108: 103 | P108: =CONCATENATE(TEXT(MONTH(поверки!$G108),"00"),"/",TEXT(поверки!$O108,"000"), "/",TEXT(YEAR(поверки!$G108)-2000,"00")) -> 04/103/25 | Q108: =VLOOKUP(поверки!$F108,'соответстиви ОТ типу'!$K$4:$M$344,2,FALSE()) -> Манометр | R108: Большаков С.Н. | S108: 233.50.160 | T108: 1 | U108: =VLOOKUP(поверки!$T108,'Акты п-п'!$C$5:$I$57,2,FALSE()) -> 45748 | V108: =VLOOKUP(поверки!$T108,'Акты п-п'!$C$5:$I$57,3,FALSE()) -> 45751 | W108: =VLOOKUP(поверки!$T108,'Акты п-п'!$C$5:$I$57,5,FALSE()) -> Чупин А.А. | X108: =поверки!$G108-поверки!$U108 -> 2 | Y108: =поверки!$V108-поверки!$G108 -> 1 | Z108: =CONCATENATE(поверки!$Q108," ",поверки!$S108," номер ",поверки!$H108) -> Манометр 233.50.160 номер 00593
B109: 29.04.2025 09:05 | C109: Проскурякова Елена Львовна | D109: ООО "РИ-ИНВЕСТ" | F109: 60168-15 | G109: 45750 | H109: 1023895 | J109: Опубликован | K109: Да | L109: С-ЕЖБ/03-04-2025/429343143 | N109: =IF(COUNTIF(поверки!$L$6:$L$3175,поверки!$L109)>1,"Дубликат","") | O109: 104 | P109: =CONCATENATE(TEXT(MONTH(поверки!$G109),"00"),"/",TEXT(поверки!$O109,"000"), "/",TEXT(YEAR(поверки!$G109)-2000,"00")) -> 04/104/25 | Q109: =VLOOKUP(поверки!$F109,'соответстиви ОТ типу'!$K$4:$M$344,2,FALSE()) -> Манометр | R109: Большаков С.Н. | S109: МП4-Уф | T109: 1 | U109: =VLOOKUP(поверки!$T109,'Акты п-п'!$C$5:$I$57,2,FALSE()) -> 45748 | V109: =VLOOKUP(поверки!$T109,'Акты п-п'!$C$5:$I$57,3,FALSE()) -> 45751 | W109: =VLOOKUP(поверки!$T109,'Акты п-п'!$C$5:$I$57,5,FALSE()) -> Чупин А.А. | X109: =поверки!$G109-поверки!$U109 -> 2 | Y109: =поверки!$V109-поверки!$G109 -> 1 | Z109: =CONCATENATE(поверки!$Q109," ",поверки!$S109," номер ",поверки!$H109) -> Манометр МП4-Уф номер 1023895
...

Sheet Акты п-п
C4: № акта | D4: Дата приемки | E4: Дата выдачи | F4: Заказчик | G4: Поверитель | H4: Столбец1 | I4: ФизЛицоЗаказчик
C5: 1 | D5: 45748 | E5: 45751 | F5: ООО "РИ-ИНВЕСТ" | G5: Чупин А.А. | H5: ='Акты п-п'!$E5-'Акты п-п'!$D5 -> 3 | I5: Астахов Е.А.
C6: 2 | D6: 45748 | E6: 45754 | F6: ООО «ГАЗПРОМНЕФТЬ-ЯМАЛ» | G6: Манджеев А.А. | H6: ='Акты п-п'!$E6-'Акты п-п'!$D6 -> 6 | I6: Попов Е.В.
C7: 3 | D7: 45754 | E7: 45758 | F7: ООО "РИ-ИНВЕСТ" | G7: Большаков С.Н. | H7: ='Акты п-п'!$E7-'Акты п-п'!$D7 -> 4 | I7: Астахов Е.А.
C8: 4 | D8: 45755 | E8: 45757 | F8: ООО «ГАЗПРОМНЕФТЬ-ЯМАЛ» | G8: Манджеев А.А. | H8: ='Акты п-п'!$E8-'Акты п-п'!$D8 -> 2 | I8: Попов Е.В.
C9: 5 | D9: 45761 | E9: 45765 | F9: ООО "РИ-ИНВЕСТ" | G9: Кадыков П.Ю. | H9: ='Акты п-п'!$E9-'Акты п-п'!$D9 -> 4 | I9: Астахов Е.А.
C10: 6 | D10: 45759 | E10: 45761 | F10: ООО «ГАЗПРОМНЕФТЬ-ЯМАЛ» | G10: Манджеев А.А. | H10: ='Акты п-п'!$E10-'Акты п-п'!$D10 -> 2 | I10: Попов Е.В.
C11: 7 | D11: 45768 | E11: 45772 | F11: ООО "РИ-ИНВЕСТ" | G11: Кадыков П.Ю. | H11: ='Акты п-п'!$E11-'Акты п-п'!$D11 -> 4 | I11: Астахов Е.А.
C12: 8 | D12: 45767 | E12: 45770 | F12: ООО «ГАЗПРОМНЕФТЬ-ЯМАЛ» | G12: Чупин А.А. | H12: ='Акты п-п'!$E12-'Акты п-п'!$D12 -> 3 | I12: Попов Е.В.
C13: 9 | D13: 45775 | E13: 45777 | F13: ООО "РИ-ИНВЕСТ" | G13: Запевахин Т.Е. | H13: ='Акты п-п'!$E13-'Акты п-п'!$D13 -> 2 | I13: Астахов Е.А.
C14: 10 | D14: 45776 | E14: 45777 | F14: ООО «ГАЗПРОМНЕФТЬ-ЯМАЛ» | G14: Кадыков П.Ю. | H14: ='Акты п-п'!$E14-'Акты п-п'!$D14 -> 1 | I14: Попов Е.В.
C15: 11 | H15: ='Акты п-п'!$E15-'Акты п-п'!$D15 -> 0
C16: 12 | H16: ='Акты п-п'!$E16-'Акты п-п'!$D16 -> 0
C17: 13 | H17: ='Акты п-п'!$E17-'Акты п-п'!$D17 -> 0
C18: 14 | H18: ='Акты п-п'!$E18-'Акты п-п'!$D18 -> 0
C19: 15 | H19: ='Акты п-п'!$E19-'Акты п-п'!$D19 -> 0
C20: 16 | H20: ='Акты п-п'!$E20-'Акты п-п'!$D20 -> 0
C21: 17 | H21: ='Акты п-п'!$E21-'Акты п-п'!$D21 -> 0
C22: 18 | H22: ='Акты п-п'!$E22-'Акты п-п'!$D22 -> 0
C23: 19 | H23: ='Акты п-п'!$E23-'Акты п-п'!$D23 -> 0
C24: 20 | H24: ='Акты п-п'!$E24-'Акты п-п'!$D24 -> 0
C25: 21 | H25: ='Акты п-п'!$E25-'Акты п-п'!$D25 -> 0
C26: 22 | H26: ='Акты п-п'!$E26-'Акты п-п'!$D26 -> 0
... C45: 41 | H45: ='Акты п-п'!$E45-'Акты п-п'!$D45 -> 0
B46: Октябрь | C46: 42 | G46: Большаков С.Н. | H46: ='Акты п-п'!$E46-'Акты п-п'!$D46 -> 0 | L46: Запевахин
C47: 43 | G47: Кадыков П.Ю | H47: ='Акты п-п'!$E47-'Акты п-п'!$D47 -> 0 | L47: Манджеев
C48: 44 | G48: Чупин А.А. | H48: ='Акты п-п'!$E48-'Акты п-п'!$D48 -> 0
C49: 45 | G49: Манджеев А.А. | H49: ='Акты п-п'!$E49-'Акты п-п'!$D49 -> 0 | L49: Запевахин
C50: 46 | G50: Большаков С.Н. | H50: ='Акты п-п'!$E50-'Акты п-п'!$D50 -> 0
B51: ноябрь | C51: 47 | H51: ='Акты п-п'!$E51-'Акты п-п'!$D51 -> 0
C52: 48 | H52: ='Акты п-п'!$E52-'Акты п-п'!$D52 -> 0
C53: 49 | H53: ='Акты п-п'!$E53-'Акты п-п'!$D53 -> 0
C54: 50 | H54: ='Акты п-п'!$E54-'Акты п-п'!$D54 -> 0
B55: декабрь | C55: 51 | G55: Запевахин Т.Е. | H55: ='Акты п-п'!$E55-'Акты п-п'!$D55 -> 0
C56: 52 | G56: Манджеев А.А. | H56: ='Акты п-п'!$E56-'Акты п-п'!$D56 -> 0
C57: 53 | G57: Чупин А.А. | H57: ='Акты п-п'!$E57-'Акты п-п'!$D57 -> 0

Sheet 1
B1: Номер акта | D1: 1
B2: дата
B3: приемки | C3: =VLOOKUP(D1,'Акты п-п'!$C$5:$I$57,2) -> 45748
B4: выдачи | C4: =VLOOKUP(D1,'Акты п-п'!$C$5:$I$57,3) -> 45751
C5: =VLOOKUP(D1,'Акты п-п'!$C$5:$I$57,5) -> Чупин А.А.
C6: Астахов Е.А.
C7: =VLOOKUP(D1,'Акты п-п'!$C$5:$I$57,4) -> ООО "РИ-ИНВЕСТ"
B9: АКТ | M9: АКТ
B10: приема-передачи СИ | M10: приема-передачи СИ
B12: =CONCATENATE("Мы, нижеподписавшиеся, представитель ",C7," , и представитель ООО «МКАИР», ") -> Мы, нижеподписавшиеся, представитель ООО "РИ-ИНВЕСТ" , и представитель ООО «МКАИР», | M12: =B12 -> Мы, нижеподписавшиеся, представитель ООО "РИ-ИНВЕСТ" , и представитель ООО «МКАИР»,
B13: =CONCATENATE("составили настоящий акт о том, что ",TEXT(C3,"ДД.ММ.ГГГГ"), " сданы в поверку следующие средства измерений:") -> составили настоящий акт о том, что 01.04.2025 сданы в поверку следующие средства измерений: | M13: =CONCATENATE("составили настоящий акт о том, что ",TEXT(C4,"ДД.ММ.ГГГГ"), " выданы с поверки следующие средства измерений:") -> составили настоящий акт о том, что 04.04.2025 выданы с поверки следующие средства измерений:
B15: 1 | C15: Контроллер Simatic S7-200 номер 205/M/S7-200 | M15: 1 | N15: =C15 -> Контроллер Simatic S7-200 номер 205/M/S7-200
B16: 2 | C16: Контроллер Simatic S7-300 номер 205/BMS01/S7-300 | M16: 2 | N16: =C16 -> Контроллер Simatic S7-300 номер 205/BMS01/S7-300
B17: 3 | C17: Контроллер Simatic S7-300 номер 205/BMS02/S7-300 | M17: 3 | N17: =C17 -> Контроллер Simatic S7-300 номер 205/BMS02/S7-300
B18: 4 | C18: Преобразователь давления EJX 530A номер 91R808434 | M18: 4 | N18: =C18 -> Преобразователь давления EJX 530A номер 91R808434
B19: 5 | C19: Датчик температуры Метран-286-02 номер 2080951 | M19: 5 | N19: =C19 -> Датчик температуры Метран-286-02 номер 2080951
B20: 6 | C20: Датчик температуры ТПУ 0304Ех номер 12-9083 | M20: 6 | N20: =C20 -> Датчик температуры ТПУ 0304Ех номер 12-9083
B21: 7 | C21: Датчик температуры ТПУ 0304Ех номер 12-9082 | M21: 7 | N21: =C21 -> Датчик температуры ТПУ 0304Ех номер 12-9082
B22: 8 | C22: Датчик температуры ТПУ 0304Ех номер 12-9078 | M22: 8 | N22: =C22 -> Датчик температуры ТПУ 0304Ех номер 12-9078
B23: 9 | C23: Датчик температуры ТПУ 0304Ех номер 12-9086 | M23: 9 | N23: =C23 -> Датчик температуры ТПУ 0304Ех номер 12-9086
B24: 10 | C24: Датчик температуры ТПУ 0304Ех номер 12-9089 | M24: 10 | N24: =C24 -> Датчик температуры ТПУ 0304Ех номер 12-9089
B25: 11 | C25: Датчик температуры ТПУ 0304Ех номер 12-9079 | M25: 11 | N25: =C25 -> Датчик температуры ТПУ 0304Ех номер 12-9079
B26: 12 | C26: Датчик температуры 248 номер 02244553/03221492 | M26: 12 | N26: =C26 -> Датчик температуры 248 номер 02244553/03221492
... B246: 232 | C246: Манометр 213.53.063 номер 05171 | M246: 232 | N246: =C246 -> Манометр 213.53.063 номер 05171
B247: 233 | M247: 233 | N247: =C247 -> 0
B248: 234 | M248: 234 | N248: =C248 -> 0
B249: 235 | M249: 235 | N249: =C249 -> 0
B250: 236 | M250: 236 | N250: =C250 -> 0
B251: 237 | M251: 237 | N251: =C251 -> 0
B252: 238 | M252: 238 | N252: =C252 -> 0
B253: 239 | M253: 239 | N253: =C253 -> 0
B254: 240 | M254: 240 | N254: =C254 -> 0
B255: 241 | M255: 241 | N255: =C255 -> 0
B256: 242 | M256: 242 | N256: =C256 -> 0
B257: 243 | M257: 243 | N257: =C257 -> 0
B258: 244 | M258: 244 | N258: =C258 -> 0
... B414: 400 | M414: 400 | N414: =C414 -> 0
B416: =CONCATENATE("Принял представитель ООО ""МКАИР"" ",C5) -> Принял представитель ООО "МКАИР" Чупин А.А. | J416: =C3 -> 45748 | M416: =CONCATENATE("Сдал представитель ООО ""МКАИР"" ",C5) -> Сдал представитель ООО "МКАИР" Чупин А.А. | Q416: =C4 -> 45751
B417: Должность, Ф. И.О., подпись | M417: Должность, Ф. И.О., подпись
B419: =CONCATENATE("Сдал представитель ",C7," ",C6) -> Сдал представитель ООО "РИ-ИНВЕСТ" Астахов Е.А. | J419: =J416 -> 45748 | M419: =CONCATENATE("Принял представитель ", C7," ",,C6) -> Принял представитель ООО "РИ-ИНВЕСТ" Астахов Е.А. | Q419: =Q416 -> 45751
B420: Должность, Ф. И.О., подпись | M420: Должность, Ф. И.О., подпись

Sheet 2
B1: Номер акта | D1: 2
B2: дата
B3: приемки | C3: =VLOOKUP(D1,'Акты п-п'!$C$5:$I$57,2) -> 45748
B4: выдачи | C4: =VLOOKUP(D1,'Акты п-п'!$C$5:$I$57,3) -> 45754
C5: =VLOOKUP(D1,'Акты п-п'!$C$5:$I$57,5) -> Манджеев А.А.
C6: =VLOOKUP(D1,'Акты п-п'!$C$5:$I$57,7) -> Попов Е.В.
C7: =VLOOKUP(D1,'Акты п-п'!$C$5:$I$57,4) -> ООО «ГАЗПРОМНЕФТЬ-ЯМАЛ»
B9: АКТ | M9: АКТ
B10: приема-передачи СИ | M10: приема-передачи СИ
B12: =CONCATENATE("Мы, нижеподписавшиеся, представитель ",C7," , и представитель ООО «МКАИР», ") -> Мы, нижеподписавшиеся, представитель ООО «ГАЗПРОМНЕФТЬ-ЯМАЛ» , и представитель ООО «МКАИР», | M12: =B12 -> Мы, нижеподписавшиеся, представитель ООО «ГАЗПРОМНЕФТЬ-ЯМАЛ» , и представитель ООО «МКАИР»,
B13: =CONCATENATE("составили настоящий акт о том, что ",TEXT(C3,"ДД.ММ.ГГГГ"), " сданы в поверку следующие средства измерений:") -> составили настоящий акт о том, что 01.04.2025 сданы в поверку следующие средства измерений: | M13: =CONCATENATE("составили настоящий акт о том, что ",TEXT(C4,"ДД.ММ.ГГГГ"), " выданы с поверки следующие средства измерений:") -> составили настоящий акт о том, что 07.04.2025 выданы с поверки следующие средства измерений:
B15: 1 | C15: Газоанализатор ЭРИС-ОПТИМА ПЛЮС ЭРИС-ОПТИМА ПЛЮС М номер ER150099 | M15: 1 | N15: =C15 -> Газоанализатор ЭРИС-ОПТИМА ПЛЮС ЭРИС-ОПТИМА ПЛЮС М номер ER150099
B16: 2 | C16: Датчик горючих газов Searchpoint Optima Plus XTC номер Z0182517390061 | M16: 2 | N16: =C16 -> Датчик горючих газов Searchpoint Optima Plus XTC номер Z0182517390061
B17: 3 | C17: Датчик горючих газов Searchpoint Optima Plus XTC номер Z0182517390036 | M17: 3 | N17: =C17 -> Датчик горючих газов Searchpoint Optima Plus XTC номер Z0182517390036
B18: 4 | C18: Манометр ФТ МП4-Уф БС УХЛ1 номер В0124887 | M18: 4 | N18: =C18 -> Манометр ФТ МП4-Уф БС УХЛ1 номер В0124887
B19: 5 | C19: Манометр ФТ МП4-Уф БС УХЛ1 номер 9002257 | M19: 5 | N19: =C19 -> Манометр ФТ МП4-Уф БС УХЛ1 номер 9002257
B20: 6 | C20: Манометр ФТ МП4-Уф БС УХЛ1 номер 9001651 | M20: 6 | N20: =C20 -> Манометр ФТ МП4-Уф БС УХЛ1 номер 9001651
B21: 7 | C21: Манометр ФТ МП4-Уф номер 001978 | M21: 7 | N21: =C21 -> Манометр ФТ МП4-Уф номер 001978
B22: 8 | C22: Манометр ТМ серия 10 номер 10486 | M22: 8 | N22: =C22 -> Манометр ТМ серия 10 номер 10486
B23: 9 | C23: Манометр ТМ серия 20 номер 10540 | M23: 9 | N23: =C23 -> Манометр ТМ серия 20 номер 10540
B24: 10 | C24: Манометр ТМ серия 20 номер 3027528 | M24: 10 | N24: =C24 -> Манометр ТМ серия 20 номер 3027528
B25: 11 | C25: Манометр ТМ серия 20 номер 3027526 | M25: 11 | N25: =C25 -> Манометр ТМ серия 20 номер 3027526
B26: 12 | C26: Манометр ТМ серия 20 номер 3027527 | M26: 12 | N26: =C26 -> Манометр ТМ серия 20 номер 3027527
... B503: 489 | C503: Манометр ФТ ДМ8008-Вуф исп.2 номер 1008269 | M503: 489 | N503: =C503 -> Манометр ФТ ДМ8008-Вуф исп.2 номер 1008269
B504: 490 | M504: 490 | N504: =C504 -> 0
B505: 491 | M505: 491 | N505: =C505 -> 0
B506: 492 | M506: 492 | N506: =C506 -> 0
B507: 493 | M507: 493 | N507: =C507 -> 0
B508: 494 | M508: 494 | N508: =C508 -> 0
B509: 495 | M509: 495 | N509: =C509 -> 0
B510: 496 | M510: 496 | N510: =C510 -> 0
B511: 497 | M511: 497 | N511: =C511 -> 0
B512: 498 | M512: 498 | N512: =C512 -> 0
B513: 499 | M513: 499 | N513: =C513 -> 0
B514: 500 | M514: 500 | N514: =C514 -> 0
B515: 501 | M515: 501 | N515: =C515 -> 0
... B938: 924 | M938: 924 | N938: =C938 -> 0
B940: =CONCATENATE("Принял представитель ООО ""МКАИР"" ",C5) -> Принял представитель ООО "МКАИР" Манджеев А.А. | J940: =C3 -> 45748 | M940: =CONCATENATE("Сдал представитель ООО ""МКАИР"" ",C5) -> Сдал представитель ООО "МКАИР" Манджеев А.А. | Q940: =C4 -> 45754
B941: Должность, Ф. И.О., подпись | M941: Должность, Ф. И.О., подпись
B943: =CONCATENATE("Сдал представитель ",C7," ",C6) -> Сдал представитель ООО «ГАЗПРОМНЕФТЬ-ЯМАЛ» Попов Е.В. | J943: =J940 -> 45748 | M943: =CONCATENATE("Принял представитель ", C7," ",,C6) -> Принял представитель ООО «ГАЗПРОМНЕФТЬ-ЯМАЛ» Попов Е.В. | Q943: =Q940 -> 45754
B944: Должность, Ф. И.О., подпись | M944: Должность, Ф. И.О., подпись

Sheet 3
B1: Номер акта | D1: 3
B2: дата
B3: приемки | C3: =VLOOKUP(D1,'Акты п-п'!$C$5:$I$57,2) -> 45754
B4: выдачи | C4: =VLOOKUP(D1,'Акты п-п'!$C$5:$I$57,3) -> 45758
C5: =VLOOKUP(D1,'Акты п-п'!$C$5:$I$57,5) -> Большаков С.Н.
C6: Астахов Е.А.
C7: =VLOOKUP(D1,'Акты п-п'!$C$5:$I$57,4) -> ООО "РИ-ИНВЕСТ"
B9: АКТ | M9: АКТ
B10: приема-передачи СИ | M10: приема-передачи СИ
B12: =CONCATENATE("Мы, нижеподписавшиеся, представитель ",C7," , и представитель ООО «МКАИР», ") -> Мы, нижеподписавшиеся, представитель ООО "РИ-ИНВЕСТ" , и представитель ООО «МКАИР», | M12: =B12 -> Мы, нижеподписавшиеся, представитель ООО "РИ-ИНВЕСТ" , и представитель ООО «МКАИР»,
B13: =CONCATENATE("составили настоящий акт о том, что ",TEXT(C3,"ДД.ММ.ГГГГ"), " сданы в поверку следующие средства измерений:") -> составили настоящий акт о том, что 07.04.2025 сданы в поверку следующие средства измерений: | M13: =CONCATENATE("составили настоящий акт о том, что ",TEXT(C4,"ДД.ММ.ГГГГ"), " выданы с поверки следующие средства измерений:") -> составили настоящий акт о том, что 11.04.2025 выданы с поверки следующие средства измерений:
B15: 1 | C15: Газоанализатор СГОЭС номер 69964 | M15: 1 | N15: =C15 -> Газоанализатор СГОЭС номер 69964
B16: 2 | C16: Газоанализатор СГОЭС номер 69830 | M16: 2 | N16: =C16 -> Газоанализатор СГОЭС номер 69830
B17: 3 | C17: Газоанализатор СГОЭС номер 68826 | M17: 3 | N17: =C17 -> Газоанализатор СГОЭС номер 68826
B18: 4 | C18: Газоанализатор СГОЭС номер 68755 | M18: 4 | N18: =C18 -> Газоанализатор СГОЭС номер 68755
B19: 5 | C19: Газоанализатор СГОЭС номер 68769 | M19: 5 | N19: =C19 -> Газоанализатор СГОЭС номер 68769
B20: 6 | C20: Газоанализатор СГОЭС номер 66616 | M20: 6 | N20: =C20 -> Газоанализатор СГОЭС номер 66616
B21: 7 | C21: Газоанализатор СГОЭС номер 69949 | M21: 7 | N21: =C21 -> Газоанализатор СГОЭС номер 69949
B22: 8 | C22: Газоанализатор СГОЭС номер 71036 | M22: 8 | N22: =C22 -> Газоанализатор СГОЭС номер 71036
B23: 9 | C23: Газоанализатор СГОЭС номер 68812 | M23: 9 | N23: =C23 -> Газоанализатор СГОЭС номер 68812
B24: 10 | C24: Газоанализатор СГОЭС номер 68726 | M24: 10 | N24: =C24 -> Газоанализатор СГОЭС номер 68726
B25: 11 | C25: Газоанализатор СГОЭС номер 68817 | M25: 11 | N25: =C25 -> Газоанализатор СГОЭС номер 68817
B26: 12 | C26: Газоанализатор СГОЭС номер 67643 | M26: 12 | N26: =C26 -> Газоанализатор СГОЭС номер 67643
... B136: 122 | C136: Уровнемер Liquicap M FMI51 номер K802EC010F0 | M136: 122 | N136: =C136 -> Уровнемер Liquicap M FMI51 номер K802EC010F0
B137: 123 | M137: 123 | N137: =C137 -> 0
B138: 124 | M138: 124 | N138: =C138 -> 0
B139: 125 | M139: 125 | N139: =C139 -> 0
B140: 126 | M140: 126 | N140: =C140 -> 0
B141: 127 | M141: 127 | N141: =C141 -> 0
B142: 128 | M142: 128 | N142: =C142 -> 0
B143: 129 | M143: 129 | N143: =C143 -> 0
B144: 130 | M144: 130 | N144: =C144 -> 0
B145: 131 | M145: 131 | N145: =C145 -> 0
B146: 132 | M146: 132 | N146: =C146 -> 0
B147: 133 | M147: 133 | N147: =C147 -> 0
B148: 134 | M148: 134 | N148: =C148 -> 0
... B184: 170 | M184: 170 | N184: =C184 -> 0
B185: 171 | M185: 171
B186: 172 | M186: 172
B187: 173 | M187: 173
B188: 174 | M188: 174
B189: 175 | M189: 175
B190: 176 | M190: 176
B191: 177 | M191: 177
B192: 178 | M192: 178
B193: 179 | M193: 179
B194: 180 | M194: 180
B195: 181 | M195: 181
B196: 182 | M196: 182
... B367: 353 | M367: 353
B368: 354 | M368: 354 | N368: =C368 -> 0
B369: 355 | M369: 355 | N369: =C369 -> 0
B370: 356 | M370: 356 | N370: =C370 -> 0
B371: 357 | M371: 357 | N371: =C371 -> 0
B372: 358 | M372: 358 | N372: =C372 -> 0
B373: 359 | M373: 359 | N373: =C373 -> 0
B374: 360 | M374: 360 | N374: =C374 -> 0
B375: 361 | M375: 361 | N375: =C375 -> 0
B376: 362 | M376: 362 | N376: =C376 -> 0
B377: 363 | M377: 363 | N377: =C377 -> 0
B378: 364 | M378: 364 | N378: =C378 -> 0
B379: 365 | M379: 365 | N379: =C379 -> 0
... B408: 394 | M408: 394 | N408: =C408 -> 0
B409: 395 | M409: 395
B410: 396 | M410: 396
B411: 397 | M411: 397
B412: 398 | M412: 398 | N412: =C412 -> 0
B413: 399 | M413: 399 | N413: =C413 -> 0
B414: 400 | M414: 400 | N414: =C414 -> 0
B415: 401 | M415: 401 | N415: =C415 -> 0
B416: 402 | M416: 402 | N416: =C416 -> 0
B417: 403 | M417: 403 | N417: =C417 -> 0
B418: 404 | M418: 404 | N418: =C418 -> 0
B419: 405 | M419: 405 | N419: =C419 -> 0
B420: 406 | M420: 406 | N420: =C420 -> 0
B421: 407 | M421: 407 | N421: =C421 -> 0
B422: 408 | M422: 408 | N422: =C422 -> 0
B423: 409 | M423: 409 | N423: =C423 -> 0
... B600: 586 | M600: 586 | N600: =C600 -> 0
B602: =CONCATENATE("Принял представитель ООО ""МКАИР"" ",C5) -> Принял представитель ООО "МКАИР" Большаков С.Н. | J602: =C3 -> 45754 | M602: =CONCATENATE("Сдал представитель ООО ""МКАИР"" ",C5) -> Сдал представитель ООО "МКАИР" Большаков С.Н. | Q602: =C4 -> 45758
B603: Должность, Ф. И.О., подпись | M603: Должность, Ф. И.О., подпись
B605: =CONCATENATE("Сдал представитель ",C7," ",C6) -> Сдал представитель ООО "РИ-ИНВЕСТ" Астахов Е.А. | J605: =J602 -> 45754 | M605: =CONCATENATE("Принял представитель ", C7," ",,C6) -> Принял представитель ООО "РИ-ИНВЕСТ" Астахов Е.А. | Q605: =Q602 -> 45758
B606: Должность, Ф. И.О., подпись | M606: Должность, Ф. И.О., подпись

Sheet 4
B1: Номер акта | D1: 4
B2: дата
B3: приемки | C3: =VLOOKUP(D1,'Акты п-п'!$C$5:$I$57,2) -> 45755
B4: выдачи | C4: =VLOOKUP(D1,'Акты п-п'!$C$5:$I$57,3) -> 45757
C5: =VLOOKUP(D1,'Акты п-п'!$C$5:$I$57,5) -> Манджеев А.А.
C6: =VLOOKUP(D1,'Акты п-п'!$C$5:$I$57,7) -> Попов Е.В.
C7: =VLOOKUP(D1,'Акты п-п'!$C$5:$I$57,4) -> ООО «ГАЗПРОМНЕФТЬ-ЯМАЛ»
B9: АКТ | M9: АКТ
B10: приема-передачи СИ | M10: приема-передачи СИ
B12: =CONCATENATE("Мы, нижеподписавшиеся, представитель ",C7," , и представитель ООО «МКАИР», ") -> Мы, нижеподписавшиеся, представитель ООО «ГАЗПРОМНЕФТЬ-ЯМАЛ» , и представитель ООО «МКАИР», | M12: =B12 -> Мы, нижеподписавшиеся, представитель ООО «ГАЗПРОМНЕФТЬ-ЯМАЛ» , и представитель ООО «МКАИР»,
B13: =CONCATENATE("составили настоящий акт о том, что ",TEXT(C3,"ДД.ММ.ГГГГ"), " сданы в поверку следующие средства измерений:") -> составили настоящий акт о том, что 08.04.2025 сданы в поверку следующие средства измерений: | M13: =CONCATENATE("составили настоящий акт о том, что ",TEXT(C4,"ДД.ММ.ГГГГ"), " выданы с поверки следующие средства измерений:") -> составили настоящий акт о том, что 10.04.2025 выданы с поверки следующие средства измерений:
B15: 1 | C15: Термометр биметаллический S5500 номер 1107316965 | M15: 1 | N15: =C15 -> Термометр биметаллический S5500 номер 1107316965
B16: 2 | C16: Термометр биметаллический S55 номер 1106I4Y8 | M16: 2 | N16: =C16 -> Термометр биметаллический S55 номер 1106I4Y8
B17: 3 | C17: Термометр биметаллический S55 номер 1107АD6B | M17: 3 | N17: =C17 -> Термометр биметаллический S55 номер 1107АD6B
B18: 4 | C18: Термометр биметаллический S5500 номер 1107335159 | M18: 4 | N18: =C18 -> Термометр биметаллический S5500 номер 1107335159
B19: 5 | C19: Термометр биметаллический S55 номер 1107335158 | M19: 5 | N19: =C19 -> Термометр биметаллический S55 номер 1107335158
B20: 6 | C20: Манометр ТМ серия 20 номер 3017026 | M20: 6 | N20: =C20 -> Манометр ТМ серия 20 номер 3017026
B21: 7 | C21: Манометр ТМ серия 20 номер 3017021 | M21: 7 | N21: =C21 -> Манометр ТМ серия 20 номер 3017021
B22: 8 | C22: Манометр ТМ серия 20 номер 3017196 | M22: 8 | N22: =C22 -> Манометр ТМ серия 20 номер 3017196
B23: 9 | C23: Манометр ТМ серия 20 номер 3017188 | M23: 9 | N23: =C23 -> Манометр ТМ серия 20 номер 3017188
B24: 10 | C24: Манометр ТМ серия 20 номер 3017181 | M24: 10 | N24: =C24 -> Манометр ТМ серия 20 номер 3017181
B25: 11 | C25: Манометр ТМ серия 20 номер 3017190 | M25: 11 | N25: =C25 -> Манометр ТМ серия 20 номер 3017190
B26: 12 | C26: Манометр ТМ серия 20 номер 3016942 | M26: 12 | N26: =C26 -> Манометр ТМ серия 20 номер 3016942
... B95: 81 | C95: Манометр 233.50 номер 00702UP6 | M95: 81 | N95: =C95 -> Манометр 233.50 номер 00702UP6
B96: 82 | M96: 82 | N96: =C96 -> 0
B97: 83 | M97: 83 | N97: =C97 -> 0
B98: 84 | M98: 84 | N98: =C98 -> 0
B99: 85 | M99: 85 | N99: =C99 -> 0
B100: 86 | M100: 86 | N100: =C100 -> 0
B101: 87 | M101: 87 | N101: =C101 -> 0
B102: 88 | M102: 88 | N102: =C102 -> 0
B103: 89 | M103: 89 | N103: =C103 -> 0
B104: 90 | M104: 90 | N104: =C104 -> 0
B105: 91 | M105: 91 | N105: =C105 -> 0
B106: 92 | M106: 92 | N106: =C106 -> 0
B107: 93 | M107: 93 | N107: =C107 -> 0
... B1132: 1118 | M1132: 1118 | N1132: =C1132 -> 0
B1134: =CONCATENATE("Принял представитель ООО ""МКАИР"" ",C5) -> Принял представитель ООО "МКАИР" Манджеев А.А. | J1134: =C3 -> 45755 | M1134: =CONCATENATE("Сдал представитель ООО ""МКАИР"" ",C5) -> Сдал представитель ООО "МКАИР" Манджеев А.А. | Q1134: =C4 -> 45757
B1135: Должность, Ф. И.О., подпись | M1135: Должность, Ф. И.О., подпись
B1137: =CONCATENATE("Сдал представитель ",C7," ",C6) -> Сдал представитель ООО «ГАЗПРОМНЕФТЬ-ЯМАЛ» Попов Е.В. | J1137: =J1134 -> 45755 | M1137: =CONCATENATE("Принял представитель ", C7," ",,C6) -> Принял представитель ООО «ГАЗПРОМНЕФТЬ-ЯМАЛ» Попов Е.В. | Q1137: =Q1134 -> 45757
B1138: Должность, Ф. И.О., подпись | M1138: Должность, Ф. И.О., подпись

Sheet 5
B1: Номер акта | D1: 5
B2: дата
B3: приемки | C3: =VLOOKUP(D1,'Акты п-п'!$C$5:$I$57,2) -> 45761
B4: выдачи | C4: =VLOOKUP(D1,'Акты п-п'!$C$5:$I$57,3) -> 45765
C5: =VLOOKUP(D1,'Акты п-п'!$C$5:$I$57,5) -> Кадыков П.Ю.
C6: Астахов Е.А.
C7: =VLOOKUP(D1,'Акты п-п'!$C$5:$I$57,4) -> ООО "РИ-ИНВЕСТ"
B9: АКТ | M9: АКТ
B10: приема-передачи СИ | M10: приема-передачи СИ
B12: =CONCATENATE("Мы, нижеподписавшиеся, представитель ",C7," , и представитель ООО «МКАИР», ") -> Мы, нижеподписавшиеся, представитель ООО "РИ-ИНВЕСТ" , и представитель ООО «МКАИР», | M12: =B12 -> Мы, нижеподписавшиеся, представитель ООО "РИ-ИНВЕСТ" , и представитель ООО «МКАИР»,
B13: =CONCATENATE("составили настоящий акт о том, что ",TEXT(C3,"ДД.ММ.ГГГГ"), " сданы в поверку следующие средства измерений:") -> составили настоящий акт о том, что 14.04.2025 сданы в поверку следующие средства измерений: | M13: =CONCATENATE("составили настоящий акт о том, что ",TEXT(C4,"ДД.ММ.ГГГГ"), " выданы с поверки следующие средства измерений:") -> составили настоящий акт о том, что 18.04.2025 выданы с поверки следующие средства измерений:
B15: 1 | C15: Манометр МТИф номер 919422 | M15: 1 | N15: =C15 -> Манометр МТИф номер 919422
B16: 2 | C16: Манометр МП3-Уф номер 1014826 | M16: 2 | N16: =C16 -> Манометр МП3-Уф номер 1014826
B17: 3 | C17: Манометр МП4-Уф номер 007766 | M17: 3 | N17: =C17 -> Манометр МП4-Уф номер 007766
B18: 4 | C18: Манометр МП4-УУ2 номер Р00079 | M18: 4 | N18: =C18 -> Манометр МП4-УУ2 номер Р00079
B19: 5 | C19: Манометр МП4-УУ2 номер Р00163 | M19: 5 | N19: =C19 -> Манометр МП4-УУ2 номер Р00163
B20: 6 | C20: Манометр МП4-Уф номер 01310 | M20: 6 | N20: =C20 -> Манометр МП4-Уф номер 01310
B21: 7 | C21: Манометр 232.50.160 номер 02386 | M21: 7 | N21: =C21 -> Манометр 232.50.160 номер 02386
B22: 8 | C22: Манометр МП4-УУ2 номер 02423 | M22: 8 | N22: =C22 -> Манометр МП4-УУ2 номер 02423
B23: 9 | C23: Манометр МП4-Уф номер 02424 | M23: 9 | N23: =C23 -> Манометр МП4-Уф номер 02424
B24: 10 | C24: Манометр МП4-Уф номер 02425 | M24: 10 | N24: =C24 -> Манометр МП4-Уф номер 02425
B25: 11 | C25: Манометр 232.50.160 номер 03622 | M25: 11 | N25: =C25 -> Манометр 232.50.160 номер 03622
B26: 12 | C26: Манометр МП4-Уф номер 03631 | M26: 12 | N26: =C26 -> Манометр МП4-Уф номер 03631
... B460: 446 | C460: Уровнемер VEGAFLEX61 номер 16627268 | M460: 446 | N460: =C460 -> Уровнемер VEGAFLEX61 номер 16627268
B461: 447 | M461: 447 | N461: =C461 -> 0
B462: 448 | M462: 448 | N462: =C462 -> 0
B463: 449 | M463: 449 | N463: =C463 -> 0
B464: 450 | M464: 450 | N464: =C464 -> 0
B465: 451 | M465: 451 | N465: =C465 -> 0
B466: 452 | M466: 452 | N466: =C466 -> 0
B467: 453 | M467: 453 | N467: =C467 -> 0
B468: 454 | M468: 454 | N468: =C468 -> 0
B469: 455 | M469: 455 | N469: =C469 -> 0
B470: 456 | M470: 456 | N470: =C470 -> 0
B471: 457 | M471: 457 | N471: =C471 -> 0
B472: 458 | M472: 458 | N472: =C472 -> 0
... B515: 501 | M515: 501 | N515: =C515 -> 0
B517: =CONCATENATE("Принял представитель ООО ""МКАИР"" ",C5) -> Принял представитель ООО "МКАИР" Кадыков П.Ю. | J517: =C3 -> 45761 | M517: =CONCATENATE("Сдал представитель ООО ""МКАИР"" ",C5) -> Сдал представитель ООО "МКАИР" Кадыков П.Ю. | Q517: =C4 -> 45765
B518: Должность, Ф. И.О., подпись | M518: Должность, Ф. И.О., подпись
B520: =CONCATENATE("Сдал представитель ",C7," ",C6) -> Сдал представитель ООО "РИ-ИНВЕСТ" Астахов Е.А. | J520: =J517 -> 45761 | M520: =CONCATENATE("Принял представитель ", C7," ",,C6) -> Принял представитель ООО "РИ-ИНВЕСТ" Астахов Е.А. | Q520: =Q517 -> 45765
B521: Должность, Ф. И.О., подпись | M521: Должность, Ф. И.О., подпись

Sheet 6
B1: Номер акта | D1: 6
B2: дата
B3: приемки | C3: =VLOOKUP(D1,'Акты п-п'!$C$5:$I$57,2) -> 45759
B4: выдачи | C4: =VLOOKUP(D1,'Акты п-п'!$C$5:$I$57,3) -> 45761
C5: =VLOOKUP(D1,'Акты п-п'!$C$5:$I$57,5) -> Манджеев А.А.
C6: =VLOOKUP(D1,'Акты п-п'!$C$5:$I$57,7) -> Попов Е.В.
C7: =VLOOKUP(D1,'Акты п-п'!$C$5:$I$57,4) -> ООО «ГАЗПРОМНЕФТЬ-ЯМАЛ»
B9: АКТ | M9: АКТ
B10: приема-передачи СИ | M10: приема-передачи СИ
B12: =CONCATENATE("Мы, нижеподписавшиеся, представитель ",C7," , и представитель ООО «МКАИР», ") -> Мы, нижеподписавшиеся, представитель ООО «ГАЗПРОМНЕФТЬ-ЯМАЛ» , и представитель ООО «МКАИР», | M12: =B12 -> Мы, нижеподписавшиеся, представитель ООО «ГАЗПРОМНЕФТЬ-ЯМАЛ» , и представитель ООО «МКАИР»,
B13: =CONCATENATE("составили настоящий акт о том, что ",TEXT(C3,"ДД.ММ.ГГГГ"), " сданы в поверку следующие средства измерений:") -> составили настоящий акт о том, что 12.04.2025 сданы в поверку следующие средства измерений: | M13: =CONCATENATE("составили настоящий акт о том, что ",TEXT(C4,"ДД.ММ.ГГГГ"), " выданы с поверки следующие средства измерений:") -> составили настоящий акт о том, что 14.04.2025 выданы с поверки следующие средства измерений:
B15: 1 | C15: Газоанализатор ДГС ЭРИС номер ER230170898 | M15: 1 | N15: =C15 -> Газоанализатор ДГС ЭРИС номер ER230170898
B16: 2 | C16: Преобразователь давления 3051S номер 09962558 | M16: 2 | N16: =C16 -> Преобразователь давления 3051S номер 09962558
B17: 3 | C17: Преобразователь давления 3051S номер 09779082 | M17: 3 | N17: =C17 -> Преобразователь давления 3051S номер 09779082
B18: 4 | C18: Преобразователь давления 3051S номер 09779075 | M18: 4 | N18: =C18 -> Преобразователь давления 3051S номер 09779075
B19: 5 | C19: Преобразователь давления 3051S номер 09889563 | M19: 5 | N19: =C19 -> Преобразователь давления 3051S номер 09889563
B20: 6 | C20: Преобразователь давления 3051S номер 09779087 | M20: 6 | N20: =C20 -> Преобразователь давления 3051S номер 09779087
B21: 7 | C21: Преобразователь давления Метран 150 номер 1437032 | M21: 7 | N21: =C21 -> Преобразователь давления Метран 150 номер 1437032
B22: 8 | C22: Преобразователь давления Метран 150 номер 1438751 | M22: 8 | N22: =C22 -> Преобразователь давления Метран 150 номер 1438751
B23: 9 | C23: Преобразователь давления Метран 150 номер 1438750 | M23: 9 | N23: =C23 -> Преобразователь давления Метран 150 номер 1438750
B24: 10 | C24: Датчик температуры Rosemount 3144Р номер 2313846 | M24: 10 | N24: =C24 -> Датчик температуры Rosemount 3144Р номер 2313846
B25: 11 | C25: Датчик температуры Rosemount 3144Р номер 2313934 | M25: 11 | N25: =C25 -> Датчик температуры Rosemount 3144Р номер 2313934
B26: 12 | C26: Датчик температуры Метран-274-Ex номер 2597530 | M26: 12 | N26: =C26 -> Датчик температуры Метран-274-Ex номер 2597530
... B103: 89 | C103: Газоанализатор ДАК ДАК-СН4-129 ИБЯЛ.418414.071-129 номер 220600 | M103: 89 | N103: =C103 -> Газоанализатор ДАК ДАК-СН4-129 ИБЯЛ.418414.071-129 номер 220600
B104: 90 | M104: 90 | N104: =C104 -> 0
B105: 91 | M105: 91 | N105: =C105 -> 0
B106: 92 | M106: 92 | N106: =C106 -> 0
B107: 93 | M107: 93 | N107: =C107 -> 0
B108: 94 | M108: 94 | N108: =C108 -> 0
B109: 95 | M109: 95 | N109: =C109 -> 0
B110: 96 | M110: 96 | N110: =C110 -> 0
B111: 97 | M111: 97 | N111: =C111 -> 0
B112: 98 | M112: 98 | N112: =C112 -> 0
B113: 99 | M113: 99 | N113: =C113 -> 0
B114: 100 | M114: 100 | N114: =C114 -> 0
B115: 101 | M115: 101 | N115: =C115 -> 0
... B1167: 1153 | M1167: 1153 | N1167: =C1167 -> 0
B1169: =CONCATENATE("Принял представитель ООО ""МКАИР"" ",C5) -> Принял представитель ООО "МКАИР" Манджеев А.А. | J1169: =C3 -> 45759 | M1169: =CONCATENATE("Сдал представитель ООО ""МКАИР"" ",C5) -> Сдал представитель ООО "МКАИР" Манджеев А.А. | Q1169: =C4 -> 45761
B1170: Должность, Ф. И.О., подпись | M1170: Должность, Ф. И.О., подпись
B1172: =CONCATENATE("Сдал представитель ",C7," ",C6) -> Сдал представитель ООО «ГАЗПРОМНЕФТЬ-ЯМАЛ» Попов Е.В. | J1172: =J1169 -> 45759 | M1172: =CONCATENATE("Принял представитель ", C7," ",,C6) -> Принял представитель ООО «ГАЗПРОМНЕФТЬ-ЯМАЛ» Попов Е.В. | Q1172: =Q1169 -> 45761
B1173: Должность, Ф. И.О., подпись | M1173: Должность, Ф. И.О., подпись

Sheet 7
B1: Номер акта | D1: 7
B2: дата
B3: приемки | C3: =VLOOKUP(D1,'Акты п-п'!$C$5:$I$57,2) -> 45768
B4: выдачи | C4: =VLOOKUP(D1,'Акты п-п'!$C$5:$I$57,3) -> 45772
C5: =VLOOKUP(D1,'Акты п-п'!$C$5:$I$57,5) -> Кадыков П.Ю.
C6: Астахов Е.А.
C7: =VLOOKUP(D1,'Акты п-п'!$C$5:$I$57,4) -> ООО "РИ-ИНВЕСТ"
B9: АКТ | M9: АКТ
B10: приема-передачи СИ | M10: приема-передачи СИ
B12: =CONCATENATE("Мы, нижеподписавшиеся, представитель ",C7," , и представитель ООО «МКАИР», ") -> Мы, нижеподписавшиеся, представитель ООО "РИ-ИНВЕСТ" , и представитель ООО «МКАИР», | M12: =B12 -> Мы, нижеподписавшиеся, представитель ООО "РИ-ИНВЕСТ" , и представитель ООО «МКАИР»,
B13: =CONCATENATE("составили настоящий акт о том, что ",TEXT(C3,"ДД.ММ.ГГГГ"), " сданы в поверку следующие средства измерений:") -> составили настоящий акт о том, что 21.04.2025 сданы в поверку следующие средства измерений: | M13: =CONCATENATE("составили настоящий акт о том, что ",TEXT(C4,"ДД.ММ.ГГГГ"), " выданы с поверки следующие средства измерений:") -> составили настоящий акт о том, что 25.04.2025 выданы с поверки следующие средства измерений:
B15: 1 | C15: Датчик температуры ИП 0304Ех номер 12-7246 | M15: 1 | N15: =C15 -> Датчик температуры ИП 0304Ех номер 12-7246
B16: 2 | C16: Датчик температуры ИП 0304Ех номер 12-7271 | M16: 2 | N16: =C16 -> Датчик температуры ИП 0304Ех номер 12-7271
B17: 3 | C17: Датчик температуры Rosemount 644 номер 03432490 | M17: 3 | N17: =C17 -> Датчик температуры Rosemount 644 номер 03432490
B18: 4 | C18: Преобразователь измерительный PR5335D номер 140940488 | M18: 4 | N18: =C18 -> Преобразователь измерительный PR5335D номер 140940488
B19: 5 | C19: Преобразователь измерительный PR5335D номер 140940491 | M19: 5 | N19: =C19 -> Преобразователь измерительный PR5335D номер 140940491
B20: 6 | C20: Преобразователь измерительный PR5335D номер 140940494 | M20: 6 | N20: =C20 -> Преобразователь измерительный PR5335D номер 140940494
B21: 7 | C21: Преобразователь измерительный PR5335D номер 140940497 | M21: 7 | N21: =C21 -> Преобразователь измерительный PR5335D номер 140940497
B22: 8 | C22: Преобразователь измерительный PR5335D номер 140940496 | M22: 8 | N22: =C22 -> Преобразователь измерительный PR5335D номер 140940496
B23: 9 | C23: Преобразователь измерительный PR5335D номер 140940495 | M23: 9 | N23: =C23 -> Преобразователь измерительный PR5335D номер 140940495
B24: 10 | C24: Преобразователь измерительный PR5335D номер 140940501 | M24: 10 | N24: =C24 -> Преобразователь измерительный PR5335D номер 140940501
B25: 11 | C25: Преобразователь измерительный 248 номер 09904071 | M25: 11 | N25: =C25 -> Преобразователь измерительный 248 номер 09904071
B26: 12 | C26: Преобразователь измерительный 248 номер 03168647 | M26: 12 | N26: =C26 -> Преобразователь измерительный 248 номер 03168647
... B880: 866 | C880: Контроллер Simatic S7-400 номер 205/DM/S7-400 | M880: 866 | N880: =C880 -> Контроллер Simatic S7-400 номер 205/DM/S7-400
B881: 867 | M881: 867 | N881: =C881 -> 0
B882: 868 | M882: 868 | N882: =C882 -> 0
B883: 869 | M883: 869 | N883: =C883 -> 0
B884: 870 | M884: 870 | N884: =C884 -> 0
B885: 871 | M885: 871 | N885: =C885 -> 0
B886: 872 | M886: 872 | N886: =C886 -> 0
B887: 873 | M887: 873 | N887: =C887 -> 0
B888: 874 | M888: 874 | N888: =C888 -> 0
B889: 875 | M889: 875 | N889: =C889 -> 0
B890: 876 | M890: 876 | N890: =C890 -> 0
B891: 877 | M891: 877 | N891: =C891 -> 0
B892: 878 | M892: 878 | N892: =C892 -> 0
... B1047: 1033 | M1047: 1033 | N1047: =C1047 -> 0
B1049: =CONCATENATE("Принял представитель ООО ""МКАИР"" ",C5) -> Принял представитель ООО "МКАИР" Кадыков П.Ю. | J1049: =C3 -> 45768 | M1049: =CONCATENATE("Сдал представитель ООО ""МКАИР"" ",C5) -> Сдал представитель ООО "МКАИР" Кадыков П.Ю. | Q1049: =C4 -> 45772
B1050: Должность, Ф. И.О., подпись | M1050: Должность, Ф. И.О., подпись
B1052: =CONCATENATE("Сдал представитель ",C7," ",C6) -> Сдал представитель ООО "РИ-ИНВЕСТ" Астахов Е.А. | J1052: =J1049 -> 45768 | M1052: =CONCATENATE("Принял представитель ", C7," ",,C6) -> Принял представитель ООО "РИ-ИНВЕСТ" Астахов Е.А. | Q1052: =Q1049 -> 45772
B1053: Должность, Ф. И.О., подпись | M1053: Должность, Ф. И.О., подпись

Sheet 8
B1: Номер акта | D1: 8
B2: дата
B3: приемки | C3: =VLOOKUP(D1,'Акты п-п'!$C$5:$I$57,2) -> 45767
B4: выдачи | C4: =VLOOKUP(D1,'Акты п-п'!$C$5:$I$57,3) -> 45770
C5: =VLOOKUP(D1,'Акты п-п'!$C$5:$I$57,5) -> Чупин А.А.
C6: =VLOOKUP(D1,'Акты п-п'!$C$5:$I$57,7) -> Попов Е.В.
C7: =VLOOKUP(D1,'Акты п-п'!$C$5:$I$57,4) -> ООО «ГАЗПРОМНЕФТЬ-ЯМАЛ»
B9: АКТ | M9: АКТ
B10: приема-передачи СИ | M10: приема-передачи СИ
B12: =CONCATENATE("Мы, нижеподписавшиеся, представитель ",C7," , и представитель ООО «МКАИР», ") -> Мы, нижеподписавшиеся, представитель ООО «ГАЗПРОМНЕФТЬ-ЯМАЛ» , и представитель ООО «МКАИР», | M12: =B12 -> Мы, нижеподписавшиеся, представитель ООО «ГАЗПРОМНЕФТЬ-ЯМАЛ» , и представитель ООО «МКАИР»,
B13: =CONCATENATE("составили настоящий акт о том, что ",TEXT(C3,"ДД.ММ.ГГГГ"), " сданы в поверку следующие средства измерений:") -> составили настоящий акт о том, что 20.04.2025 сданы в поверку следующие средства измерений: | M13: =CONCATENATE("составили настоящий акт о том, что ",TEXT(C4,"ДД.ММ.ГГГГ"), " выданы с поверки следующие средства измерений:") -> составили настоящий акт о том, что 23.04.2025 выданы с поверки следующие средства измерений:
B15: 1 | C15: Газоанализатор PIRECL номер 20FEB102366 | M15: 1 | N15: =C15 -> Газоанализатор PIRECL номер 20FEB102366
B16: 2 | C16: Газоанализатор PIRECL номер 20JAN100828 | M16: 2 | N16: =C16 -> Газоанализатор PIRECL номер 20JAN100828
B17: 3 | C17: Газоанализатор PIRECL номер 20FEB102363 | M17: 3 | N17: =C17 -> Газоанализатор PIRECL номер 20FEB102363
B18: 4 | C18: Газоанализатор PIRECL номер 20APR107356 | M18: 4 | N18: =C18 -> Газоанализатор PIRECL номер 20APR107356
B19: 5 | C19: Газоанализатор PIRECL номер 20MAR104581 | M19: 5 | N19: =C19 -> Газоанализатор PIRECL номер 20MAR104581
B20: 6 | C20: Газоанализатор PIRECL номер 20APR107352 | M20: 6 | N20: =C20 -> Газоанализатор PIRECL номер 20APR107352
B21: 7 | C21: Газоанализатор PIRECL номер 20FEB102367 | M21: 7 | N21: =C21 -> Газоанализатор PIRECL номер 20FEB102367
B22: 8 | C22: Газоанализатор PIRECL номер 20FEB102359 | M22: 8 | N22: =C22 -> Газоанализатор PIRECL номер 20FEB102359
B23: 9 | C23: Газоанализатор PIRECL номер 20JAN100827 | M23: 9 | N23: =C23 -> Газоанализатор PIRECL номер 20JAN100827
B24: 10 | C24: Газоанализатор PIRECL номер 19DEC132191 | M24: 10 | N24: =C24 -> Газоанализатор PIRECL номер 19DEC132191
B25: 11 | C25: Газоанализатор PIRECL номер 19NOV130020 | M25: 11 | N25: =C25 -> Газоанализатор PIRECL номер 19NOV130020
B26: 12 | C26: Газоанализатор PIRECL номер 19DEC132193 | M26: 12 | N26: =C26 -> Газоанализатор PIRECL номер 19DEC132193
... B607: 593 | C607: Газоанализатор ЭРИС-ОПТИМА ПЛЮС ЭРИС-Оптима Плюс М номер ER160168 | M607: 593 | N607: =C607 -> Газоанализатор ЭРИС-ОПТИМА ПЛЮС ЭРИС-Оптима Плюс М номер ER160168
B608: 594 | M608: 594 | N608: =C608 -> 0
B609: 595 | M609: 595 | N609: =C609 -> 0
B610: 596 | M610: 596 | N610: =C610 -> 0
B611: 597 | M611: 597 | N611: =C611 -> 0
B612: 598 | M612: 598 | N612: =C612 -> 0
B613: 599 | M613: 599 | N613: =C613 -> 0
B614: 600 | M614: 600 | N614: =C614 -> 0
B615: 601 | M615: 601 | N615: =C615 -> 0
B616: 602 | M616: 602 | N616: =C616 -> 0
B617: 603 | M617: 603 | N617: =C617 -> 0
B618: 604 | M618: 604 | N618: =C618 -> 0
B619: 605 | M619: 605 | N619: =C619 -> 0
... B1517: 1503 | M1517: 1503 | N1517: =C1517 -> 0
B1520: =CONCATENATE("Принял представитель ООО ""МКАИР"" ",C5) -> Принял представитель ООО "МКАИР" Чупин А.А. | J1520: =C3 -> 45767 | M1520: =CONCATENATE("Сдал представитель ООО ""МКАИР"" ",C5) -> Сдал представитель ООО "МКАИР" Чупин А.А. | Q1520: =C4 -> 45770
B1521: Должность, Ф. И.О., подпись | M1521: Должность, Ф. И.О., подпись
B1523: =CONCATENATE("Сдал представитель ",C7," ",C6) -> Сдал представитель ООО «ГАЗПРОМНЕФТЬ-ЯМАЛ» Попов Е.В. | J1523: =J1520 -> 45767 | M1523: =CONCATENATE("Принял представитель ", C7," ",,C6) -> Принял представитель ООО «ГАЗПРОМНЕФТЬ-ЯМАЛ» Попов Е.В. | Q1523: =Q1520 -> 45770
B1524: Должность, Ф. И.О., подпись | M1524: Должность, Ф. И.О., подпись

Sheet 9
B1: Номер акта | D1: 9
B2: дата
B3: приемки | C3: =VLOOKUP(D1,'Акты п-п'!$C$5:$I$57,2) -> 45775
B4: выдачи | C4: =VLOOKUP(D1,'Акты п-п'!$C$5:$I$57,3) -> 45777
C5: =VLOOKUP(D1,'Акты п-п'!$C$5:$I$57,5) -> Запевахин Т.Е.
C6: Астахов Е.А.
C7: =VLOOKUP(D1,'Акты п-п'!$C$5:$I$57,4) -> ООО "РИ-ИНВЕСТ"
B9: АКТ | M9: АКТ
B10: приема-передачи СИ | M10: приема-передачи СИ
B12: =CONCATENATE("Мы, нижеподписавшиеся, представитель ",C7," , и представитель ООО «МКАИР», ") -> Мы, нижеподписавшиеся, представитель ООО "РИ-ИНВЕСТ" , и представитель ООО «МКАИР», | M12: =B12 -> Мы, нижеподписавшиеся, представитель ООО "РИ-ИНВЕСТ" , и представитель ООО «МКАИР»,
B13: =CONCATENATE("составили настоящий акт о том, что ",TEXT(C3,"ДД.ММ.ГГГГ"), " сданы в поверку следующие средства измерений:") -> составили настоящий акт о том, что 28.04.2025 сданы в поверку следующие средства измерений: | M13: =CONCATENATE("составили настоящий акт о том, что ",TEXT(C4,"ДД.ММ.ГГГГ"), " выданы с поверки следующие средства измерений:") -> составили настоящий акт о том, что 30.04.2025 выданы с поверки следующие средства измерений:
B15: 1 | C15: ТСП TR24 номер H9027114150 | M15: 1 | N15: =C15 -> ТСП TR24 номер H9027114150
B16: 2 | C16: ТСП TR24 номер H9025714150 | M16: 2 | N16: =C16 -> ТСП TR24 номер H9025714150
B17: 3 | C17: ТСП TR24 номер H9026B14150 | M17: 3 | N17: =C17 -> ТСП TR24 номер H9026B14150
B18: 4 | C18: ТСП TR24 номер H9021514150 | M18: 4 | N18: =C18 -> ТСП TR24 номер H9021514150
B19: 5 | C19: ТСП TR24 номер H9026414150 | M19: 5 | N19: =C19 -> ТСП TR24 номер H9026414150
B20: 6 | C20: ТСП TR24 номер H9025E14150 | M20: 6 | N20: =C20 -> ТСП TR24 номер H9025E14150
B21: 7 | C21: ТСП TR24 номер H9021014150 | M21: 7 | N21: =C21 -> ТСП TR24 номер H9021014150
B22: 8 | C22: ТСП TR24 номер H9021114150 | M22: 8 | N22: =C22 -> ТСП TR24 номер H9021114150
B23: 9 | C23: ТСП TR24 номер H9021714150 | M23: 9 | N23: =C23 -> ТСП TR24 номер H9021714150
B24: 10 | C24: ТСП TR24 номер M5061414150 | M24: 10 | N24: =C24 -> ТСП TR24 номер M5061414150
B25: 11 | C25: ТСП TR24 номер H9020F14150 | M25: 11 | N25: =C25 -> ТСП TR24 номер H9020F14150
B26: 12 | C26: ТСП TR24 номер H9027414150 | M26: 12 | N26: =C26 -> ТСП TR24 номер H9027414150
... B259: 245 | C259: Контроллер Modicon TSX Quantum номер 208/KCA/TSX | M259: 245 | N259: =C259 -> Контроллер Modicon TSX Quantum номер 208/KCA/TSX
B260: 246 | M260: 246 | N260: =C260 -> 0
B261: 247 | M261: 247 | N261: =C261 -> 0
B262: 248 | M262: 248 | N262: =C262 -> 0
B263: 249 | M263: 249 | N263: =C263 -> 0
B264: 250 | M264: 250 | N264: =C264 -> 0
B265: 251 | M265: 251 | N265: =C265 -> 0
B266: 252 | M266: 252 | N266: =C266 -> 0
B267: 253 | M267: 253 | N267: =C267 -> 0
B268: 254 | M268: 254 | N268: =C268 -> 0
B269: 255 | M269: 255 | N269: =C269 -> 0
B270: 256 | M270: 256 | N270: =C270 -> 0
B271: 257 | M271: 257 | N271: =C271 -> 0
... B414: 400 | M414: 400 | N414: =C414 -> 0
B416: =CONCATENATE("Принял представитель ООО ""МКАИР"" ",C5) -> Принял представитель ООО "МКАИР" Запевахин Т.Е. | J416: =C3 -> 45775 | M416: =CONCATENATE("Сдал представитель ООО ""МКАИР"" ",C5) -> Сдал представитель ООО "МКАИР" Запевахин Т.Е. | Q416: =C4 -> 45777
B417: Должность, Ф. И.О., подпись | M417: Должность, Ф. И.О., подпись
B419: =CONCATENATE("Сдал представитель ",C7," ",C6) -> Сдал представитель ООО "РИ-ИНВЕСТ" Астахов Е.А. | J419: =J416 -> 45775 | M419: =CONCATENATE("Принял представитель ", C7," ",,C6) -> Принял представитель ООО "РИ-ИНВЕСТ" Астахов Е.А. | Q419: =Q416 -> 45777
B420: Должность, Ф. И.О., подпись | M420: Должность, Ф. И.О., подпись

Sheet 10
B1: Номер акта | D1: 10
B2: дата
B3: приемки | C3: =VLOOKUP(D1,'Акты п-п'!$C$5:$I$57,2) -> 45776
B4: выдачи | C4: =VLOOKUP(D1,'Акты п-п'!$C$5:$I$57,3) -> 45777
C5: =VLOOKUP(D1,'Акты п-п'!$C$5:$I$57,5) -> Кадыков П.Ю.
C6: =VLOOKUP(D1,'Акты п-п'!$C$5:$I$57,7) -> Попов Е.В.
C7: =VLOOKUP(D1,'Акты п-п'!$C$5:$I$57,4) -> ООО «ГАЗПРОМНЕФТЬ-ЯМАЛ»
B9: АКТ | M9: АКТ
B10: приема-передачи СИ | M10: приема-передачи СИ
B12: =CONCATENATE("Мы, нижеподписавшиеся, представитель ",C7," , и представитель ООО «МКАИР», ") -> Мы, нижеподписавшиеся, представитель ООО «ГАЗПРОМНЕФТЬ-ЯМАЛ» , и представитель ООО «МКАИР», | M12: =B12 -> Мы, нижеподписавшиеся, представитель ООО «ГАЗПРОМНЕФТЬ-ЯМАЛ» , и представитель ООО «МКАИР»,
B13: =CONCATENATE("составили настоящий акт о том, что ",TEXT(C3,"ДД.ММ.ГГГГ"), " сданы в поверку следующие средства измерений:") -> составили настоящий акт о том, что 29.04.2025 сданы в поверку следующие средства измерений: | M13: =CONCATENATE("составили настоящий акт о том, что ",TEXT(C4,"ДД.ММ.ГГГГ"), " выданы с поверки следующие средства измерений:") -> составили настоящий акт о том, что 30.04.2025 выданы с поверки следующие средства измерений:
B15: 1 | C15: Газоанализатор ТГА мод. PIRECL 21М номер 1411045 | M15: 1 | N15: =C15 -> Газоанализатор ТГА мод. PIRECL 21М номер 1411045
B16: 2 | C16: Газоанализатор ТГА мод. PIRECL 21М номер 1411040 | M16: 2 | N16: =C16 -> Газоанализатор ТГА мод. PIRECL 21М номер 1411040
B17: 3 | C17: Газоанализатор ТГА мод. PIRECL 21М номер 1411048 | M17: 3 | N17: =C17 -> Газоанализатор ТГА мод. PIRECL 21М номер 1411048
B18: 4 | C18: Газоанализатор ТГА мод. PIRECL 21М номер 1507066 | M18: 4 | N18: =C18 -> Газоанализатор ТГА мод. PIRECL 21М номер 1507066
B19: 5 | C19: Газоанализатор ТГА мод. PIRECL 21М номер 1507089 | M19: 5 | N19: =C19 -> Газоанализатор ТГА мод. PIRECL 21М номер 1507089
B20: 6 | C20: Газоанализатор ТГА мод. PIRECL 21М номер 1507090 | M20: 6 | N20: =C20 -> Газоанализатор ТГА мод. PIRECL 21М номер 1507090
B21: 7 | C21: Газоанализатор ТГА мод. PIRECL 21М номер 1507100 | M21: 7 | N21: =C21 -> Газоанализатор ТГА мод. PIRECL 21М номер 1507100
B22: 8 | M22: 8 | N22: =C22 -> 0
B23: 9 | M23: 9 | N23: =C23 -> 0
B24: 10 | M24: 10 | N24: =C24 -> 0
B25: 11 | M25: 11 | N25: =C25 -> 0
B26: 12 | M26: 12 | N26: =C26 -> 0
B27: 13 | M27: 13 | N27: =C27 -> 0
B28: 14 | M28: 14 | N28: =C28 -> 0
B29: 15 | M29: 15 | N29: =C29 -> 0
B30: 16 | M30: 16 | N30: =C30 -> 0
B31: 17 | M31: 17 | N31: =C31 -> 0
B32: 18 | M32: 18 | N32: =C32 -> 0
B33: 19 | M33: 19 | N33: =C33 -> 0
... B414: 400 | M414: 400 | N414: =C414 -> 0
B416: =CONCATENATE("Принял представитель ООО ""МКАИР"" ",C5) -> Принял представитель ООО "МКАИР" Кадыков П.Ю. | J416: =C3 -> 45776 | M416: =CONCATENATE("Сдал представитель ООО ""МКАИР"" ",C5) -> Сдал представитель ООО "МКАИР" Кадыков П.Ю. | Q416: =C4 -> 45777
B417: Должность, Ф. И.О., подпись | M417: Должность, Ф. И.О., подпись
B419: =CONCATENATE("Сдал представитель ",C7," ",C6) -> Сдал представитель ООО «ГАЗПРОМНЕФТЬ-ЯМАЛ» Попов Е.В. | J419: =J416 -> 45776 | M419: =CONCATENATE("Принял представитель ", C7," ",,C6) -> Принял представитель ООО «ГАЗПРОМНЕФТЬ-ЯМАЛ» Попов Е.В. | Q419: =Q416 -> 45777
B420: Должность, Ф. И.О., подпись | M420: Должность, Ф. И.О., подпись

Sheet кол-во поверок
B3: месяц | C3: год | D3: записей в аршине | E3: ФАКТ поверок
B4: 1 | C4: 2025 | D4: =COUNTA(поверки!B:B)-3 -> 3170 | E4: 541
B5: 2 | C5: 2025 | D5: =COUNTA(поверки!B:B)-3 -> 3170 | E5: 1495
B6: 3 | C6: 2025 | D6: =COUNTA(поверки!B:B)-3 -> 3170
B7: 4 | C7: 2025 | D7: =COUNTA(поверки!B:B)-3 -> 3170
B8: 5 | C8: 2025 | D8: =COUNTA(поверки!B:B)-3 -> 3170
B9: 6 | C9: 2025 | D9: =COUNTA(поверки!B:B)-3 -> 3170
B10: 7 | C10: 2025 | D10: =COUNTA(поверки!B:B)-3 -> 3170
B11: 8 | C11: 2025 | D11: =COUNTA(поверки!B:B)-3 -> 3170
B12: 9 | C12: 2025 | D12: =COUNTA(поверки!B:B)-3 -> 3170
B13: 10 | C13: 2025 | D13: =COUNTA(поверки!B:B)-3 -> 3170
B14: 11 | C14: 2025 | D14: =COUNTA(поверки!B:B)-3 -> 3170
B15: 12 | C15: 2025 | D15: =COUNTA(поверки!B:B)-3 -> 3170

Sheet Лист3
D9: =INDEX(#REF!,7,3) -> #REF!

Sheet соответстиви ОТ типу
K3: ОТ | L3: Тип | M3: Столбец1
K4: 10135-15 | L4: Манометр
K5: 10135-05 | L5: Манометр
K6: 55984-13 | L6: Манометр
K7: 43902-10 | L7: Манометр
K8: 27227-05 | L8: Манометр
K9: 16279-97 | L9: Манометр
K10: 25913-08 | L10: Манометр
K11: 10135-10 | L11: Манометр
K12: 10135-00 | L12: Манометр
K13: 25264-08 | L13: Манометр
K14: 15142-08 | L14: Манометр
K15: 60168-15 | L15: Манометр
... K331: 47013-14 | L331: Манометр
J332: 45748 | K332: 57175-14 | L332: Датчик температуры
K333: 67350-17 | L333: Манометр
K334: 27894-04 | L334: Манометр деформационный
K335: 66303-16 | L335: Термопреобразователь сопротивления платиновый Rosemount
K336: 66790-17 | L336: Газоанализатор | M336: 04.06 МП скачала
K337: 63134-16 | L337: Манометр показывающий ТМ2
K338: 16529-97 | L338: Манометр
K339: 53779-13 | L339: Уровнемер 5300
K340: 39117-14 | L340: Преобразователь измерительный
K341: 88901-23 | L341: Преобразователь измерительный NCS | M341: 04.06 МП скачала
K342: 39531-08 | L342: Датчик давления
K343: 47249-11 | L343: Уровнемер Levelflex FMP5
K344: 79947-20 | L344: Преобразователь давления | M344: 04.06 МП скачала

Sheet поверители
B2: 1 | C2: 2 | D2: 3 | E2: 4 | F2: 5 | G2: 6 | H2: 7 | I2: 8 | J2: 9 | K2: 10 | L2: 11 | M2: 12 | N2: 13 | O2: 14 | P2: 15 | Q2: 16 | R2: 17 | S2: 18 | T2: 19 | U2: 20 | V2: 21 | W2: 22 | X2: 23 | Y2: 24 | Z2: 25 | AA2: 26 | AB2: 27 | AC2: 28 | AD2: 29 | AE2: 30 | AF2: 31 | AG2: 32 | AH2: 33 | AI2: 34 | AJ2: 35 | AK2: 36
B3: номер | C3: Обозначение СИ | D3: СИ специального назначения | E3: Заводской номер | F3: Инвентарный номер | G3: Поверка по результатам калибровки | H3: Модификация | I3: Год выпуска | J3: ГПС | K3: ЛПС | L3: МП | M3: Разряд эталона | N3: ГПЭ | O3: Поверитель является владельцем СИ | P3: Состав СИ | Q3: Шифр клейма | R3: Владелец СИ | S3: Дата поверки | T3: Действительно до | U3: Часовой пояс | V3: Вид поверки | W3: Номер наклейки | X3: Наличие знака поверки в паспорте | Y3: Наличие знака поверки на СИ | Z3: Методика поверки | AA3: Эталоны не ГЭТ с приказом | AB3: Эталоны не ГЭТ без приказа | AC3: Эталоны ГЭТ | AD3: ГСО | AE3: СИ, применяемые в качестве эталона | AF3: СИ, применяемые при поверке (не эталоны) | AG3: Вещества, применяемые при поверке | AH3: Дополнительные методы | AI3: Прочие сведения | AJ3: Поверитель | AK3: Объем проведенной поверки | AL3: Протокол | AM3: Причина непригодности | AN3: Температура | AO3: Давление | AP3: Влажность | AQ3: Другие параметры
B4: =поверители!$E4 -> 170702660 | C4: 32475-11 | E4: 170702660 | G4: false | H4: серии T (TBiSChG) | I4: 2017 | O4: false | Q4: ЕЖБ | R4: ООО "РУСИНВЕСТ" | S4: 45106 | T4: 46201 | U4: +05:00 | V4: периодическая | X4: false | Y4: true | Z4: МП 32475-11 | AE4: 65779.16.3Р.00169308 | AI4: (0 - +100) °C | AJ4: Тиора В.А. | AN4: 21,5°С | AO4: 99,3 кПа | AP4: 40%
B5: =поверители!$E5 -> 170702643 | C5: 32475-11 | E5: 170702643 | G5: false | H5: серии T (TBiSChG) | I5: 2017 | O5: false | Q5: ЕЖБ | R5: ООО "РУСИНВЕСТ" | S5: 45106 | T5: 46201 | U5: +05:00 | V5: периодическая | X5: false | Y5: true | Z5: МП 32475-11 | AE5: 65779.16.3Р.00169308 | AI5: (0 - +100) °C | AJ5: Тиора В.А. | AN5: 21,5°С | AO5: 99,3 кПа | AP5: 40%
B6: =поверители!$E6 -> 170702646 | C6: 32475-11 | E6: 170702646 | G6: false | H6: серии T (TBiSChG) | I6: 2017 | O6: false | Q6: ЕЖБ | R6: ООО "РУСИНВЕСТ" | S6: 45106 | T6: 46201 | U6: +05:00 | V6: периодическая | X6: false | Y6: true | Z6: МП 32475-11 | AE6: 65779.16.3Р.00169308 | AI6: (0 - +100) °C | AJ6: Тиора В.А. | AN6: 21,5°С | AO6: 99,3 кПа | AP6: 40%
B7: =поверители!$E7 -> 170702667 | C7: 32475-11 | E7: 170702667 | G7: false | H7: серии T (TBiSChG) | I7: 2017 | O7: false | Q7: ЕЖБ | R7: ООО "РУСИНВЕСТ" | S7: 45106 | T7: 46201 | U7: +05:00 | V7: периодическая | X7: false | Y7: true | Z7: МП 32475-11 | AE7: 65779.16.3Р.00169308 | AI7: (0 - +160) °C | AJ7: Тиора В.А. | AN7: 21,5°С | AO7: 99,3 кПа | AP7: 40%
B8: =поверители!$E8 -> 170702663 | C8: 32475-11 | E8: 170702663 | G8: false | H8: серии T (TBiSChG) | I8: 2017 | O8: false | Q8: ЕЖБ | R8: ООО "РУСИНВЕСТ" | S8: 45106 | T8: 46201 | U8: +05:00 | V8: периодическая | X8: false | Y8: true | Z8: МП 32475-11 | AE8: 65779.16.3Р.00169308 | AI8: (0 - +100) °C | AJ8: Тиора В.А. | AN8: 21,5°С | AO8: 99,3 кПа | AP8: 40%
B9: =поверители!$E9 -> 170702659 | C9: 32475-11 | E9: 170702659 | G9: false | H9: серии T (TBiSChG) | I9: 2017 | O9: false | Q9: ЕЖБ | R9: ООО "РУСИНВЕСТ" | S9: 45106 | T9: 46201 | U9: +05:00 | V9: периодическая | X9: false | Y9: true | Z9: МП 32475-11 | AE9: 65779.16.3Р.00169308 | AI9: (0 - +100) °C | AJ9: Тиора В.А. | AN9: 21,5°С | AO9: 99,3 кПа | AP9: 40%
B10: =поверители!$E10 -> 170702662 | C10: 32475-11 | E10: 170702662 | G10: false | H10: серии T (TBiSChG) | I10: 2017 | O10: false | Q10: ЕЖБ | R10: ООО "РУСИНВЕСТ" | S10: 45106 | T10: 46201 | U10: +05:00 | V10: периодическая | X10: false | Y10: true | Z10: МП 32475-11 | AE10: 65779.16.3Р.00169308 | AI10: (0 - +100) °C | AJ10: Тиора В.А. | AN10: 21,5°С | AO10: 99,3 кПа | AP10: 40%
B11: =поверители!$E11 -> 170702656 | C11: 32475-11 | E11: 170702656 | G11: false | H11: серии T (TBiSChG) | I11: 2017 | O11: false | Q11: ЕЖБ | R11: ООО "РУСИНВЕСТ" | S11: 45106 | T11: 46201 | U11: +05:00 | V11: периодическая | X11: false | Y11: true | Z11: МП 32475-11 | AE11: 65779.16.3Р.00169308 | AI11: (0 - +100) °C | AJ11: Тиора В.А. | AN11: 21,5°С | AO11: 99,3 кПа | AP11: 40%
B12: =поверители!$E12 -> 170702657 | C12: 32475-11 | E12: 170702657 | G12: false | H12: серии T (TBiSChG) | I12: 2017 | O12: false | Q12: ЕЖБ | R12: ООО "РУСИНВЕСТ" | S12: 45106 | T12: 46201 | U12: +05:00 | V12: периодическая | X12: false | Y12: true | Z12: МП 32475-11 | AE12: 65779.16.3Р.00169308 | AI12: (0 - +100) °C | AJ12: Тиора В.А. | AN12: 21,5°С | AO12: 99,3 кПа | AP12: 40%
B13: =поверители!$E13 -> 170702651 | C13: 32475-11 | E13: 170702651 | G13: false | H13: серии T (TBiSChG) | I13: 2017 | O13: false | Q13: ЕЖБ | R13: ООО "РУСИНВЕСТ" | S13: 45106 | T13: 46201 | U13: +05:00 | V13: периодическая | X13: false | Y13: true | Z13: МП 32475-11 | AE13: 65779.16.3Р.00169308 | AI13: (0 - +100) °C | AJ13: Тиора В.А. | AN13: 21,5°С | AO13: 99,3 кПа | AP13: 40%
B14: =поверители!$E14 -> 170702655 | C14: 32475-11 | E14: 170702655 | G14: false | H14: серии T (TBiSChG) | I14: 2017 | O14: false | Q14: ЕЖБ | R14: ООО "РУСИНВЕСТ" | S14: 45106 | T14: 46201 | U14: +05:00 | V14: периодическая | X14: false | Y14: true | Z14: МП 32475-11 | AE14: 65779.16.3Р.00169308 | AI14: (0 - +100) °C | AJ14: Тиора В.А. | AN14: 21,5°С | AO14: 99,3 кПа | AP14: 40%
B15: =поверители!$E15 -> 1104Y61T | C15: 54520-13 | E15: 1104Y61T | G15: false | H15: TM серий 55 (S5550) | I15: 2015 | O15: false | Q15: ЕЖБ | R15: ООО "РУСИНВЕСТ" | S15: 45106 | T15: 46201 | U15: +05:00 | V15: периодическая | X15: false | Y15: true | Z15: МП 2411-0086-2013 | AE15: 65779.16.3Р.00169308 | AI15: (0 - +120) °C | AJ15: Тиора В.А. | AN15: 21,5°С | AO15: 99,3 кПа | AP15: 40%
... B75: =поверители!$E75 -> 110726BK | C75: 54520-13 | E75: 110726BK | G75: false | H75: S5551 | I75: 2014 | O75: false | Q75: ЕЖБ | R75: ООО "РУСИНВЕСТ" | S75: 45119 | T75: 46214 | U75: +05:00 | V75: периодическая | X75: false | Y75: true | Z75: МП 2411-0086-2013 | AE75: 65779.16.3Р.00169308 | AI75: (0 - +80) °C | AJ75: Тиора В.А. | AN75: 23,9°С | AO75: 100,9 кПа | AP75: 42,3%
B76: =поверители!$E76 -> 03393 | C76: 26221-08 | E76: 03393 | G76: false | H76: БТ5 | I76: 2017 | O76: false | Q76: ЕЖБ | R76: ООО "РУСИНВЕСТ" | S76: 45119 | T76: 46214 | U76: +05:00 | V76: периодическая | X76: false | Y76: true | Z76: МП 26221-08 | AE76: 65779.16.3Р.00169308 | AI76: (0 - +100) °C | AJ76: Тиора В.А. | AN76: 23,9°С | AO76: 100,9 кПа | AP76: 42,3%
B77: =поверители!$E77 -> 03394 | C77: 26221-08 | E77: 03394 | G77: false | H77: БТ5 | I77: 2017 | O77: false | Q77: ЕЖБ | R77: ООО "РУСИНВЕСТ" | S77: 45119 | T77: 45849 | U77: +05:00 | V77: периодическая | X77: false | Y77: true | Z77: МП 26221-08 | AE77: 65779.16.3Р.00169308 | AI77: (0 - +160) °C | AJ77: Тиора В.А. | AN77: 23,9°С | AO77: 100,9 кПа | AP77: 42,3%
B78: =поверители!$E78 -> 03395 | C78: 26221-08 | E78: 03395 | G78: false | H78: БТ3 | I78: 2017 | O78: false | Q78: ЕЖБ | R78: ООО "РУСИНВЕСТ" | S78: 45119 | T78: 45849 | U78: +05:00 | V78: периодическая | X78: false | Y78: true | Z78: МП 26221-08 | AE78: 65779.16.3Р.00169308 | AI78: (0 - +160) °C | AJ78: Тиора В.А. | AN78: 23,9°С | AO78: 100,9 кПа | AP78: 42,3%
B79: =поверители!$E79 -> 03396 | C79: 26221-08 | E79: 03396 | G79: false | H79: БТ3 | I79: 2017 | O79: false | Q79: ЕЖБ | R79: ООО "РУСИНВЕСТ" | S79: 45119 | T79: 45849 | U79: +05:00 | V79: периодическая | X79: false | Y79: true | Z79: МП 26221-08 | AE79: 65779.16.3Р.00169308 | AI79: (0 - +160) °C | AJ79: Тиора В.А. | AN79: 23,9°С | AO79: 100,9 кПа | AP79: 42,3%
B80: =поверители!$E80 -> 03397 | C80: 26221-08 | E80: 03397 | G80: false | H80: БТ3 | I80: 2017 | O80: false | Q80: ЕЖБ | R80: ООО "РУСИНВЕСТ" | S80: 45119 | T80: 45849 | U80: +05:00 | V80: периодическая | X80: false | Y80: true | Z80: МП 26221-08 | AE80: 65779.16.3Р.00169308 | AI80: (0 - +160) °C | AJ80: Тиора В.А. | AN80: 23,9°С | AO80: 100,9 кПа | AP80: 42,3%
B81: =поверители!$E81 -> 03602 | C81: 26221-08 | E81: 03602 | G81: false | H81: БТ3 | I81: 2010 | O81: false | Q81: ЕЖБ | R81: ООО "РУСИНВЕСТ" | S81: 45119 | T81: 45849 | U81: +05:00 | V81: периодическая | X81: false | Y81: true | Z81: МП 26221-08 | AE81: 65779.16.3Р.00169308 | AI81: (0 - +160) °C | AJ81: Тиора В.А. | AN81: 23,9°С | AO81: 100,9 кПа | AP81: 42,3%
B82: =поверители!$E82 -> 03603 | C82: 26221-08 | E82: 03603 | G82: false | H82: БТ3 | I82: 2010 | O82: false | Q82: ЕЖБ | R82: ООО "РУСИНВЕСТ" | S82: 45119 | T82: 45849 | U82: +05:00 | V82: периодическая | X82: false | Y82: true | Z82: МП 26221-08 | AE82: 65779.16.3Р.00169308 | AI82: (0 - +160) °C | AJ82: Тиора В.А. | AN82: 23,9°С | AO82: 100,9 кПа | AP82: 42,3%
B83: =поверители!$E83 -> 03604 | C83: 26221-08 | E83: 03604 | G83: false | H83: БТ3 | I83: 2010 | O83: false | Q83: ЕЖБ | R83: ООО "РУСИНВЕСТ" | S83: 45119 | T83: 45849 | U83: +05:00 | V83: периодическая | X83: false | Y83: true | Z83: МП 26221-08 | AE83: 65779.16.3Р.00169308 | AI83: (0 - +160) °C | AJ83: Тиора В.А. | AN83: 23,9°С | AO83: 100,9 кПа | AP83: 42,3%
B84: =поверители!$E84 -> 03605 | C84: 26221-08 | E84: 03605 | G84: false | H84: БТ3 | I84: 2010 | O84: false | Q84: ЕЖБ | R84: ООО "РУСИНВЕСТ" | S84: 45119 | T84: 45849 | U84: +05:00 | V84: периодическая | X84: false | Y84: true | Z84: МП 26221-08 | AE84: 65779.16.3Р.00169308 | AI84: (0 - +160) °C | AJ84: Тиора В.А. | AN84: 23,9°С | AO84: 100,9 кПа | AP84: 42,3%
B85: =поверители!$E85 -> 03915 | C85: 26221-08 | E85: 03915 | G85: false | H85: БТ5 | I85: 2009 | O85: false | Q85: ЕЖБ | R85: ООО "РУСИНВЕСТ" | S85: 45119 | T85: 46214 | U85: +05:00 | V85: периодическая | X85: false | Y85: true | Z85: МП 26221-08 | AE85: 65779.16.3Р.00169308 | AI85: (0 - +100) °C | AJ85: Чупин А.А. | AN85: 23,9°С | AO85: 100,9 кПа | AP85: 42,3%
B86: =поверители!$E86 -> 03919 | C86: 26221-08 | E86: 03919 | G86: false | H86: БТ7 | I86: 2009 | O86: false | Q86: ЕЖБ | R86: ООО "РУСИНВЕСТ" | S86: 45119 | T86: 46214 | U86: +05:00 | V86: периодическая | X86: false | Y86: true | Z86: МП 26221-08 | AE86: 65779.16.3Р.00169308 | AI86: (0 - +120) °C | AJ86: Чупин А.А. | AN86: 23,9°С | AO86: 100,9 кПа | AP86: 42,3%
B87: =поверители!$E87 -> 04573 | C87: 26221-08 | E87: 04573 | G87: false | H87: БТ5 | I87: 2010 | O87: false | Q87: ЕЖБ | R87: ООО "РУСИНВЕСТ" | S87: 45119 | T87: 45849 | U87: +05:00 | V87: периодическая | X87: false | Y87: true | Z87: МП 26221-08 | AE87: 65779.16.3Р.00169308 | AI87: (0 - +160) °C | AJ87: Чупин А.А. | AN87: 23,9°С | AO87: 100,9 кПа | AP87: 42,3%
B88: =поверители!$E88 -> 04574 | C88: 26221-08 | E88: 04574 | G88: false | H88: БТ5 | I88: 2010 | O88: false | Q88: ЕЖБ | R88: ООО "РУСИНВЕСТ" | S88: 45119 | T88: 45849 | U88: +05:00 | V88: периодическая | X88: false | Y88: true | Z88: МП 26221-08 | AE88: 65779.16.3Р.00169308 | AI88: (0 - +160) °C | AJ88: Чупин А.А. | AN88: 23,9°С | AO88: 100,9 кПа | AP88: 42,3%
B89: =поверители!$E89 -> 04774 | C89: 54520-13 | E89: 04774 | G89: false | H89: A5300 | I89: 2014 | O89: false | Q89: ЕЖБ | R89: ООО "РУСИНВЕСТ" | S89: 45119 | T89: 46214 | U89: +05:00 | V89: периодическая | X89: false | Y89: true | Z89: МП 2411-0086-2013 | AE89: 65779.16.3Р.00169308 | AI89: (0 - 120) °C | AJ89: Чупин А.А. | AN89: 23,9°С | AO89: 100,9 кПа | AP89: 42,3%
B90: =поверители!$E90 -> 04922 | C90: 26221-08 | E90: 04922 | G90: false | H90: БТ5 | I90: 2014 | O90: false | Q90: ЕЖБ | R90: ООО "РУСИНВЕСТ" | S90: 45119 | T90: 45849 | U90: +05:00 | V90: периодическая | X90: false | Y90: true | Z90: МП 26221-08 | AE90: 65779.16.3Р.00169308 | AI90: (0 - 160) °C | AJ90: Чупин А.А. | AN90: 23,9°С | AO90: 100,9 кПа | AP90: 42,3%
B91: =поверители!$E91 -> 05061 | C91: 26221-08 | E91: 05061 | G91: false | H91: БТ5 | I91: 2016 | O91: false | Q91: ЕЖБ | R91: ООО "РУСИНВЕСТ" | S91: 45119 | T91: 46214 | U91: +05:00 | V91: периодическая | X91: false | Y91: true | Z91: МП 26221-08 | AE91: 65779.16.3Р.00169308 | AI91: (0 - +100) °C | AJ91: Чупин А.А. | AN91: 23,9°С | AO91: 100,9 кПа | AP91: 42,3%
B92: =поверители!$E92 -> 05094 | C92: 26221-08 | E92: 05094 | G92: false | H92: БТ5 | I92: 2010 | O92: false | Q92: ЕЖБ | R92: ООО "РУСИНВЕСТ" | S92: 45119 | T92: 45849 | U92: +05:00 | V92: периодическая | X92: false | Y92: true | Z92: МП 26221-08 | AE92: 65779.16.3Р.00169308 | AI92: (0 - +160) °C | AJ92: Чупин А.А. | AN92: 23,9°С | AO92: 100,9 кПа | AP92: 42,3%
... B100: =поверители!$E100 -> 04149 | C100: 26221-08 | E100: 04149 | G100: false | H100: БТ5 | I100: 2009 | O100: false | Q100: ЕЖБ | R100: ООО "РУСИНВЕСТ" | S100: 45126 | T100: 45856 | U100: +05:00 | V100: периодическая | X100: false | Y100: true | Z100: МП 26221-08 | AE100: 65779.16.3Р.00169308, 65779.16.2Р.00169313 | AI100: (-40 - +60) °C | AJ100: Чупин А.А. | AN100: 24,8°С | AO100: 100,3 кПа | AP100: 39,6%
B101: =поверители!$E101 -> 89327 | C101: 65884-16 | E101: 89327 | G101: false | H101: СГОЭС | I101: 2020 | O101: false | Q101: ЕЖБ | R101: ООО "РУСИНВЕСТ" | S101: 45104 | T101: 45479 | U101: +05:00 | V101: периодическая | X101: false | Y101: true | Z101: МП 242-2043-2016 | AD101: ГСО 10506-2014/2021, ГСО 10506-2014/2021 | AI101: С₃Н₈ (0-100)% НКПР | AJ101: Тиора В.А. | AN101: 21,5°С | AO101: 99,9 кПа | AP101: 39%
B102: =поверители!$E102 -> 88657 | C102: 65884-16 | E102: 88657 | G102: false | H102: СГОЭС | I102: 2020 | O102: false | Q102: ЕЖБ | R102: ООО "РУСИНВЕСТ" | S102: 45104 | T102: 45479 | U102: +05:00 | V102: периодическая | X102: false | Y102: true | Z102: МП 242-2043-2016 | AD102: ГСО 10506-2014/2021, ГСО 10506-2014/2021 | AI102: С₃Н₈ (0-100)% НКПР | AJ102: Тиора В.А. | AN102: 21,5°С | AO102: 99,9 кПа | AP102: 39%
B103: =поверители!$E103 -> 89263 | C103: 65884-16 | E103: 89263 | G103: false | H103: СГОЭС | I103: 2020 | O103: false | Q103: ЕЖБ | R103: ООО "РУСИНВЕСТ" | S103: 45104 | T103: 45479 | U103: +05:00 | V103: периодическая | X103: false | Y103: true | Z103: МП 242-2043-2016 | AD103: ГСО 10506-2014/2021, ГСО 10506-2014/2021 | AI103: С₃Н₈ (0-100)% НКПР | AJ103: Чупин А.А. | AN103: 21,5°С | AO103: 99,9 кПа | AP103: 39%
B104: =поверители!$E104 -> 88648 | C104: 65884-16 | E104: 88648 | G104: false | H104: СГОЭС | I104: 2020 | O104: false | Q104: ЕЖБ | R104: ООО "РУСИНВЕСТ" | S104: 45104 | T104: 45479 | U104: +05:00 | V104: периодическая | X104: false | Y104: true | Z104: МП 242-2043-2016 | AD104: ГСО 10506-2014/2021, ГСО 10506-2014/2021 | AI104: С₃Н₈ (0-100)% НКПР | AJ104: Чупин А.А. | AN104: 21,5°С | AO104: 99,9 кПа | AP104: 39%
B105: =поверители!$E105 -> 88650 | C105: 65884-16 | E105: 88650 | G105: false | H105: СГОЭС | I105: 2020 | O105: false | Q105: ЕЖБ | R105: ООО "РУСИНВЕСТ" | S105: 45104 | T105: 45479 | U105: +05:00 | V105: периодическая | X105: false | Y105: true | Z105: МП 242-2043-2016 | AD105: ГСО 10506-2014/2021, ГСО 10506-2014/2021 | AI105: С₃Н₈ (0-100)% НКПР | AJ105: Чупин А.А. | AN105: 21,5°С | AO105: 99,9 кПа | AP105: 39%
B106: =поверители!$E106 -> 89324 | C106: 65884-16 | E106: 89324 | G106: false | H106: СГОЭС | I106: 2020 | O106: false | Q106: ЕЖБ | R106: ООО "РУСИНВЕСТ" | S106: 45114 | T106: 45479 | U106: +05:00 | V106: периодическая | X106: false | Y106: true | Z106: МП 242-2043-2016 | AD106: ГСО 10506-2014/2021, ГСО 10506-2014/2021 | AI106: СН₄ (0-100)% НКПР | AJ106: Тиора В.А. | AN106: 24,6°С | AO106: 100,0 кПа | AP106: 38,2%
B107: =поверители!$E107 -> 20868 | C107: 32808-11 | E107: 20868 | G107: false | H107: СГОЭС | I107: 2011 | O107: false | Q107: ЕЖБ | R107: ООО "РУСИНВЕСТ" | S107: 45114 | T107: 45479 | U107: +05:00 | V107: периодическая | X107: false | Y107: true | Z107: МП 242-1147-2011 | AD107: ГСО 10506-2014/2021, ГСО 10506-2014/2021 | AI107: СН₄ (0-100)% НКПР | AJ107: Тиора В.А. | AN107: 24,6°С | AO107: 100,0 кПа | AP107: 38,2%
B108: =поверители!$E108 -> 20307 | C108: 32808-09 | E108: 20307 | G108: false | H108: СГОЭС | I108: 2010 | O108: false | Q108: ЕЖБ | R108: ООО "РУСИНВЕСТ" | S108: 45114 | T108: 45479 | U108: +05:00 | V108: периодическая | X108: false | Y108: true | Z108: МП 242-0885-2009 | AD108: ГСО 10506-2014/2021, ГСО 10506-2014/2021 | AI108: СН₄ (0-100)% НКПР | AJ108: Чупин А.А. | AN108: 24,6°С | AO108: 100,0 кПа | AP108: 38,2%
B109: =поверители!$E109 -> 9603411 | C109: 72341-18 | E109: 9603411 | G109: false | H109: ИГМ-13М | I109: 2021 | O109: false | Q109: ЕЖБ | R109: ООО "РУСИНВЕСТ" | S109: 45114 | T109: 45479 | U109: +05:00 | V109: периодическая | X109: false | Y109: true | Z109: МП 045/06-2018 | AD109: ГСО 10506-2014/2021, ГСО 10506-2014/2021 | AI109: СН₄ (0-100)% НКПР | AJ109: Чупин А.А. | AN109: 24,6°С | AO109: 100,0 кПа | AP109: 38,2%
B110: =поверители!$E110 -> 5004 | C110: 49128-12 | E110: 5004 | G110: false | H110: ОГС-ПГП | I110: 2017 | O110: false | Q110: ЕЖБ | R110: ООО "РУСИНВЕСТ" | S110: 45114 | T110: 45479 | U110: +05:00 | V110: периодическая | X110: false | Y110: true | Z110: МП 242-1249-2011 | AD110: ГСО 10506-2014/2021, ГСО 10506-2014/2021 | AI110: СН₄ (0-100)% НКПР | AJ110: Чупин А.А. | AN110: 24,6°С | AO110: 100,0 кПа | AP110: 38,2%
B111: =поверители!$E111 -> 10912 | C111: 32808-09 | E111: 10912 | G111: false | H111: СГОЭС | I111: 2009 | O111: false | Q111: ЕЖБ | R111: ООО "РУСИНВЕСТ" | S111: 45127 | T111: 45492 | U111: +05:00 | V111: периодическая | X111: false | Y111: true | Z111: МП 242-0885-2009 | AD111: ГСО 10506-2014/2021, ГСО 10506-2014/2021 | AI111: С₃Н₈ (0-100)% НКПР | AJ111: Тиора В.А. | AN111: 23,9°С | AO111: 99,7 кПа | AP111: 38,9%
B112: =поверители!$E112 -> 10260 | C112: 32808-09 | E112: 10260 | G112: false | H112: СГОЭС | I112: 2009 | O112: false | Q112: ЕЖБ | R112: ООО "РУСИНВЕСТ" | S112: 45127 | T112: 45492 | U112: +05:00 | V112: периодическая | X112: false | Y112: true | Z112: МП 242-0885-2009 | AD112: ГСО 10506-2014/2021, ГСО 10506-2014/2021 | AI112: С₃Н₈ (0-100)% НКПР | AJ112: Тиора В.А. | AN112: 23,9°С | AO112: 99,7 кПа | AP112: 38,9%
... B138: =поверители!$E138 -> 10355 | C138: 32808-09 | E138: 10355 | G138: false | H138: СГОЭС | I138: 2009 | O138: false | Q138: ЕЖБ | R138: ООО "РУСИНВЕСТ" | S138: 45128 | T138: 45492 | U138: +05:00 | V138: периодическая | X138: false | Y138: true | Z138: МП 242-0885-2009 | AD138: ГСО 10506-2014/2021, ГСО 10506-2014/2021 | AI138: С₃Н₈ (0-100)% НКПР | AJ138: Чупин А.А. | AN138: 24,2°С | AO138: 99,3 кПа | AP138: 39,7%
B139: =поверители!$E139 -> 352 | C139: 11597-10 | E139: 352 | G139: false | H139: СТМ-10 | I139: 2010 | O139: false | Q139: ЕЖБ | R139: ООО "РУСИНВЕСТ" | S139: 45133 | T139: 45498 | U139: +05:00 | V139: периодическая | X139: false | Y139: true | Z139: "Сигнализаторы СТМ-10. Методика поверки" | AD139: ГСО 10506-2014/2021, ГСО 10506-2014/2021 | AI139: в комплекте с датчиками №1967, 2709, 15716, 5458, 2223, 6602 СН₄ (0-50)% НКПР | AJ139: Чупин А.А. | AN139: 23,7°С | AO139: 99.6 кПа | AP139: 0.413
B140: =поверители!$E140 -> 9656465 | C140: 56419-14 | E140: 9656465 | G140: false | H140: Rosemount 2051TG2 | I140: 2014 | O140: false | Q140: ЕЖБ | R140: ООО "РУСИНВЕСТ" | S140: 45112 | T140: 46207 | U140: +05:00 | V140: периодическая | X140: false | Y140: false | Z140: МИ 4212-025-2013 | AE140: 73828.19.1Р.00156416, 77090.19.1Р.00761951 | AI140: (0 - 0,4) МПа | AJ140: Тиора В.А. | AN140: 23,9°С | AO140: 100,6 кПа | AP140: 40,3%
B141: =поверители!$E141 -> 91J604301 | C141: 28456-04 | E141: 91J604301 | G141: false | H141: EJX 530A | I141: 2009 | O141: false | Q141: ЕЖБ | R141: ООО "РУСИНВЕСТ" | S141: 45112 | T141: 46207 | U141: +05:00 | V141: периодическая | X141: false | Y141: false | Z141: МЦКЛ.0132 МП | AE141: 73828.19.1Р.00156416, 77090.19.2Р.00761950 | AI141: (0 - 2) МПа | AJ141: Тиора В.А. | AN141: 23,9°С | AO141: 100,6 кПа | AP141: 40,3%
B142: =поверители!$E142 -> 91J604304 | C142: 28456-04 | E142: 91J604304 | G142: false | H142: EJX 530A | I142: 2009 | O142: false | Q142: ЕЖБ | R142: ООО "РУСИНВЕСТ" | S142: 45112 | T142: 46207 | U142: +05:00 | V142: периодическая | X142: false | Y142: false | Z142: МЦКЛ.0132 МП | AE142: 73828.19.1Р.00156416, 77090.19.2Р.00761950 | AI142: (0 - 1,6) МПа | AJ142: Тиора В.А. | AN142: 23,9°С | AO142: 100,6 кПа | AP142: 40,3%
B143: =поверители!$E143 -> D70C020109C | C143: 41560-09 | E143: D70C020109C | G143: false | H143: Cerabar S (PMP 71) | I143: 2010 | O143: false | Q143: ЕЖБ | R143: ООО "РУСИНВЕСТ" | S143: 45112 | T143: 46207 | U143: +05:00 | V143: периодическая | X143: false | Y143: false | Z143: МП 41560-09 | AE143: 73828.19.1Р.00156416, 77090.19.1Р.00761951 | AI143: (0 - 1) МПа | AJ143: Тиора В.А. | AN143: 23,9°С | AO143: 100,6 кПа | AP143: 40,3%
B144: =поверители!$E144 -> 91FC46495 | C144: 14495-00 | E144: 91FC46495 | G144: false | H144: EJA 530A | I144: 2006 | O144: false | Q144: ЕЖБ | R144: ООО "РУСИНВЕСТ" | S144: 45112 | T144: 45842 | U144: +05:00 | V144: периодическая | X144: false | Y144: false | Z144: Преобразователи давления измерительные EJX. Методика поверки | AE144: 73828.19.1Р.00156416, 77090.19.2Р.00761950 | AI144: (0 - 20) кгс/см² | AJ144: Тиора В.А. | AN144: 23,9°С | AO144: 100,6 кПа | AP144: 40,3%
B145: =поверители!$E145 -> 33115790 | C145: 60844-15 | E145: 33115790 | G145: false | H145: VEGABAR 83 | I145: 2016 | O145: false | Q145: ЕЖБ | R145: ООО "РУСИНВЕСТ" | S145: 45112 | T145: 46207 | U145: +05:00 | V145: периодическая | X145: false | Y145: false | Z145: МИ 1997-89 | AE145: 73828.19.1Р.00156416, 77090.19.2Р.00761950 | AI145: (0 - 1,6) МПа | AJ145: Чупин А.А. | AN145: 23,9°С | AO145: 100,6 кПа | AP145: 40,3%
B146: =поверители!$E146 -> 33115788 | C146: 60844-15 | E146: 33115788 | G146: false | H146: VEGABAR 83 | I146: 2016 | O146: false | Q146: ЕЖБ | R146: ООО "РУСИНВЕСТ" | S146: 45112 | T146: 46207 | U146: +05:00 | V146: периодическая | X146: false | Y146: false | Z146: МИ 1997-89 | AE146: 73828.19.1Р.00156416, 77090.19.2Р.00761950 | AI146: (0 - 1,6) МПа | AJ146: Чупин А.А. | AN146: 23,9°С | AO146: 100,6 кПа | AP146: 40,3%
B147: =поверители!$E147 -> 33115797 | C147: 60844-15 | E147: 33115797 | G147: false | H147: VEGABAR 83 | I147: 2016 | O147: false | Q147: ЕЖБ | R147: ООО "РУСИНВЕСТ" | S147: 45112 | T147: 46207 | U147: +05:00 | V147: периодическая | X147: false | Y147: false | Z147: МИ 1997-89 | AE147: 73828.19.1Р.00156416, 77090.19.2Р.00761950 | AI147: (0 - 1,6) МПа | AJ147: Чупин А.А. | AN147: 23,9°С | AO147: 100,6 кПа | AP147: 40,3%
B148: =поверители!$E148 -> 33115791 | C148: 60844-15 | E148: 33115791 | G148: false | H148: VEGABAR 83 | I148: 2016 | O148: false | Q148: ЕЖБ | R148: ООО "РУСИНВЕСТ" | S148: 45112 | T148: 46207 | U148: +05:00 | V148: периодическая | X148: false | Y148: false | Z148: МИ 1997-89 | AE148: 73828.19.1Р.00156416, 77090.19.1Р.00761951 | AI148: (0 - 16) bar | AJ148: Чупин А.А. | AN148: 23,9°С | AO148: 100,6 кПа | AP148: 40,3%
B149: =поверители!$E149 -> 33115795 | C149: 60844-15 | E149: 33115795 | G149: false | H149: VEGABAR 83 | I149: 2016 | O149: false | Q149: ЕЖБ | R149: ООО "РУСИНВЕСТ" | S149: 45112 | T149: 46207 | U149: +05:00 | V149: периодическая | X149: false | Y149: false | Z149: МИ 1997-89 | AE149: 73828.19.1Р.00156416, 77090.19.2Р.00761950 | AI149: (0 - 1,6) МПа | AJ149: Чупин А.А. | AN149: 23,9°С | AO149: 100,6 кПа | AP149: 40,3%
B150: =поверители!$E150 -> 33115798 | C150: 60844-15 | E150: 33115798 | G150: false | H150: VEGABAR 83 | I150: 2016 | O150: false | Q150: ЕЖБ | R150: ООО "РУСИНВЕСТ" | S150: 45112 | T150: 46207 | U150: +05:00 | V150: периодическая | X150: false | Y150: false | Z150: МИ 1997-89 | AE150: 73828.19.1Р.00156416, 77090.19.2Р.00761950 | AI150: (0 - 1,6) МПа | AJ150: Чупин А.А. | AN150: 23,9°С | AO150: 100,6 кПа | AP150: 40,3%
B151: =поверители!$E151 -> 17231121 | C151: 58652-14 | E151: 17231121 | G151: false | H151: IDP10-T22B01E | I151: 2017 | O151: false | Q151: ЕЖБ | R151: ООО "РУСИНВЕСТ" | S151: 45113 | T151: 46573 | U151: +05:00 | V151: периодическая | X151: false | Y151: false | Z151: МП 58652-14 | AE151: 73828.19.1Р.00156416, 77090.19.1Р.00761953 | AI151: (0 - 50) mbar | AJ151: Тиора В.А. | AN151: 24,4°С | AO151: 100,6 кПа | AP151: 39,3%
B152: =поверители!$E152 -> 23493448 | C152: 34690-07 | E152: 23493448 | G152: false | H152: IPT-10 | I152: 2012 | O152: false | Q152: ЕЖБ | R152: ООО "РУСИНВЕСТ" | S152: 45113 | T152: 45478 | U152: +05:00 | V152: периодическая | X152: false | Y152: false | Z152: МИ 1997-89 | AE152: 73828.19.1Р.00156416, 77090.19.2Р.00761950 | AI152: (0 - 1,6) МПа | AJ152: Чупин А.А. | AN152: 24,4°С | AO152: 100,6 кПа | AP152: 39,3%
B153: =поверители!$E153 -> 23493441 | C153: 34690-07 | E153: 23493441 | G153: false | H153: IPT-10 | I153: 2012 | O153: false | Q153: ЕЖБ | R153: ООО "РУСИНВЕСТ" | S153: 45119 | T153: 45484 | U153: +05:00 | V153: периодическая | X153: false | Y153: false | Z153: МИ 1997-89 | AE153: 73828.19.1Р.00156416, 77090.19.2Р.00761950 | AI153: (0 - 1,6) МПа | AJ153: Тиора В.А. | AN153: 23,9°С | AO153: 100,9 кПа | AP153: 42,3%
B154: =поверители!$E154 -> 23493450 | C154: 34690-07 | E154: 23493450 | G154: false | H154: IPT-10 | I154: 2012 | O154: false | Q154: ЕЖБ | R154: ООО "РУСИНВЕСТ" | S154: 45119 | T154: 45484 | U154: +05:00 | V154: периодическая | X154: false | Y154: false | Z154: МИ 1997-89 | AE154: 73828.19.1Р.00156416, 77090.19.1Р.00761951 | AI154: (0 - 1) МПа | AJ154: Тиора В.А. | AN154: 23,9°С | AO154: 100,9 кПа | AP154: 42,3%
B155: =поверители!$E155 -> 23493458 | C155: 34690-07 | E155: 23493458 | G155: false | H155: IPT-10 | I155: 2012 | O155: false | Q155: ЕЖБ | R155: ООО "РУСИНВЕСТ" | S155: 45119 | T155: 45484 | U155: +05:00 | V155: периодическая | X155: false | Y155: false | Z155: МИ 1997-89 | AE155: 73828.19.1Р.00156416, 77090.19.1Р.00761951 | AI155: (0 - 0,6) МПа | AJ155: Тиора В.А. | AN155: 23,9°С | AO155: 100,9 кПа | AP155: 42,3%
B156: =поверители!$E156 -> 23493454 | C156: 34690-07 | E156: 23493454 | G156: false | H156: IPT-10 | I156: 2012 | O156: false | Q156: ЕЖБ | R156: ООО "РУСИНВЕСТ" | S156: 45119 | T156: 45484 | U156: +05:00 | V156: периодическая | X156: false | Y156: false | Z156: МИ 1997-89 | AE156: 73828.19.1Р.00156416, 77090.19.1Р.00761951 | AI156: (0 - 0,6) МПа | AJ156: Чупин А.А. | AN156: 23,9°С | AO156: 100,9 кПа | AP156: 42,3%
B157: =поверители!$E157 -> JEJATH193 | C157: 14495-00 | E157: JEJATH193 | G157: false | H157: EJA 210A | I157: 2005 | O157: false | Q157: ЕЖБ | R157: ООО "РУСИНВЕСТ" | S157: 45119 | T157: 45849 | U157: +05:00 | V157: периодическая | X157: false | Y157: false | Z157: Преобразователи давления измерительные EJX. Методика поверки | AE157: 73828.19.1Р.00156416, 77090.19.1Р.00761953 | AI157: (0 - 11805) мм Н2О | AJ157: Чупин А.А. | AN157: 23,9°С | AO157: 100,9 кПа | AP157: 42,3%
B158: =поверители!$E158 -> 33115787 | C158: 60844-15 | E158: 33115787 | G158: false | H158: VEGABAR 83 | I158: 2016 | O158: false | Q158: ЕЖБ | R158: ООО "РУСИНВЕСТ" | S158: 45119 | T158: 45484 | U158: +05:00 | V158: периодическая | X158: false | Y158: false | Z158: МИ 1997-89 | AE158: 73828.19.1Р.00156416, 77090.19.2Р.00761950 | AI158: (0 - 1,6) МПа | AJ158: Чупин А.А. | AN158: 23,9°С | AO158: 100,9 кПа | AP158: 42,3%
B159: =поверители!$E159 -> 33115792 | C159: 60844-15 | E159: 33115792 | G159: false | H159: VEGABAR 83 | I159: 2016 | O159: false | Q159: ЕЖБ | R159: ООО "РУСИНВЕСТ" | S159: 45119 | T159: 45484 | U159: +05:00 | V159: периодическая | X159: false | Y159: false | Z159: МИ 1997-89 | AE159: 73828.19.1Р.00156416, 77090.19.2Р.00761950 | AI159: (0 - 1,6) МПа | AJ159: Чупин А.А. | AN159: 23,9°С | AO159: 100,9 кПа | AP159: 42,3%
B160: =поверители!$E160 -> 91J604231 | C160: 28456-04 | E160: 91J604231 | G160: false | H160: EJX 530A | I160: 2009 | O160: false | Q160: ЕЖБ | R160: ООО "РУСИНВЕСТ" | S160: 45126 | T160: 46221 | U160: +05:00 | V160: периодическая | X160: false | Y160: false | Z160: МЦКЛ.0132 МП | AE160: 73828.19.1Р.00156416, 77090.19.1Р.00761951 | AI160: (0 - 1) МПа | AJ160: Тиора В.А. | AN160: 24,8°С | AO160: 100,3 кПа | AP160: 39,6%
B161: =поверители!$E161 -> 91J604232 | C161: 28456-04 | E161: 91J604232 | G161: false | H161: EJX 530A | I161: 2009 | O161: false | Q161: ЕЖБ | R161: ООО "РУСИНВЕСТ" | S161: 45126 | T161: 46221 | U161: +05:00 | V161: периодическая | X161: false | Y161: false | Z161: МЦКЛ.0132 МП | AE161: 73828.19.1Р.00156416, 77090.19.1Р.00761951 | AI161: (0 - 1) МПа | AJ161: Тиора В.А. | AN161: 24,8°С | AO161: 100,3 кПа | AP161: 39,6%
B162: =поверители!$E162 -> 91J604277 | C162: 28456-04 | E162: 91J604277 | G162: false | H162: EJX 530A | I162: 2009 | O162: false | Q162: ЕЖБ | R162: ООО "РУСИНВЕСТ" | S162: 45126 | T162: 46221 | U162: +05:00 | V162: периодическая | X162: false | Y162: false | Z162: МЦКЛ.0132 МП | AE162: 73828.19.1Р.00156416, 77090.19.1Р.00761951 | AI162: (0 - 1) МПа | AJ162: Тиора В.А. | AN162: 24,8°С | AO162: 100,3 кПа | AP162: 39,6%
B163: =поверители!$E163 -> 91J604248 | C163: 28456-04 | E163: 91J604248 | G163: false | H163: EJX 530A | I163: 2009 | O163: false | Q163: ЕЖБ | R163: ООО "РУСИНВЕСТ" | S163: 45126 | T163: 46221 | U163: +05:00 | V163: периодическая | X163: false | Y163: false | Z163: МЦКЛ.0132 МП | AE163: 73828.19.1Р.00156416, 77090.19.2Р.00761950 | AI163: (0 - 1,6) МПа | AJ163: Тиора В.А. | AN163: 24,8°С | AO163: 100,3 кПа | AP163: 39,6%
B164: =поверители!$E164 -> 1056576 | C164: 31654-14 | E164: 1056576 | G164: false | H164: АИР-10ExdH (модель 1150) | I164: 2017 | O164: false | Q164: ЕЖБ | R164: ООО "РУСИНВЕСТ" | S164: 45126 | T164: 46221 | U164: +05:00 | V164: периодическая | X164: false | Y164: false | Z164: НКГЖ.406233.018МП | AE164: 73828.19.1Р.00156416, 77090.19.1Р.00761951 | AI164: (0 - 600) кПа | AJ164: Тиора В.А. | AN164: 24,8°С | AO164: 100,3 кПа | AP164: 39,6%
B165: =поверители!$E165 -> 14311622 | C165: 17636-06 | E165: 14311622 | G165: false | H165: МИДА-ДИ-13П-Ex-01 | I165: 2014 | O165: false | Q165: ЕЖБ | R165: ООО "РУСИНВЕСТ" | S165: 45126 | T165: 46221 | U165: +05:00 | V165: периодическая | X165: false | Y165: false | Z165: Раздел 3.5 МДВГ.406233.033РЭ | AE165: 73828.19.1Р.00156416, 77090.19.1Р.00761951 | AI165: (0 - 0,1) МПа | AJ165: Тиора В.А. | AN165: 24,8°С | AO165: 100,3 кПа | AP165: 39,6%
B166: =поверители!$E166 -> 14311632 | C166: 17636-06 | E166: 14311632 | G166: false | H166: МИДА-ДИ-13П-Ex-01 | I166: 2014 | O166: false | Q166: ЕЖБ | R166: ООО "РУСИНВЕСТ" | S166: 45126 | T166: 46221 | U166: +05:00 | V166: периодическая | X166: false | Y166: false | Z166: Раздел 3.5 МДВГ.406233.033РЭ | AE166: 73828.19.1Р.00156416, 77090.19.1Р.00761951 | AI166: (0 - 0,1) МПа | AJ166: Тиора В.А. | AN166: 24,8°С | AO166: 100,3 кПа | AP166: 39,6%
B167: =поверители!$E167 -> 23493449 | C167: 34690-07 | E167: 23493449 | G167: false | H167: IPT-10 | I167: 2012 | O167: false | Q167: ЕЖБ | R167: ООО "РУСИНВЕСТ" | S167: 45126 | T167: 45491 | U167: +05:00 | V167: периодическая | X167: false | Y167: false | Z167: МИ 1997-89 | AE167: 73828.19.1Р.00156416, 77090.19.1Р.00761951 | AI167: (0 - 10) bar | AJ167: Чупин А.А. | AN167: 24,8°С | AO167: 100,3 кПа | AP167: 39,6%
B168: =поверители!$E168 -> 23493452 | C168: 34690-07 | E168: 23493452 | G168: false | H168: IPT-10 | I168: 2012 | O168: false | Q168: ЕЖБ | R168: ООО "РУСИНВЕСТ" | S168: 45126 | T168: 45491 | U168: +05:00 | V168: периодическая | X168: false | Y168: false | Z168: МИ 1997-89 | AE168: 73828.19.1Р.00156416, 77090.19.2Р.00761950 | AI168: (0 - 1,6) МПа | AJ168: Чупин А.А. | AN168: 24,8°С | AO168: 100,3 кПа | AP168: 39,6%
B169: =поверители!$E169 -> 23493440 | C169: 34690-07 | E169: 23493440 | G169: false | H169: IPT-10 | I169: 2012 | O169: false | Q169: ЕЖБ | R169: ООО "РУСИНВЕСТ" | S169: 45126 | T169: 45491 | U169: +05:00 | V169: периодическая | X169: false | Y169: false | Z169: МИ 1997-89 | AE169: 73828.19.1Р.00156416, 77090.19.1Р.00761951 | AI169: (0 - 10) bar | AJ169: Чупин А.А. | AN169: 24,8°С | AO169: 100,3 кПа | AP169: 39,6%
B170: =поверители!$E170 -> 23493439 | C170: 34690-07 | E170: 23493439 | G170: false | H170: IPT-10 | I170: 2012 | O170: false | Q170: ЕЖБ | R170: ООО "РУСИНВЕСТ" | S170: 45126 | T170: 45491 | U170: +05:00 | V170: периодическая | X170: false | Y170: false | Z170: МИ 1997-89 | AE170: 73828.19.1Р.00156416, 77090.19.2Р.00761950 | AI170: (0 - 1,6) МПа | AJ170: Чупин А.А. | AN170: 24,8°С | AO170: 100,3 кПа | AP170: 39,6%
B171: =поверители!$E171 -> 23493455 | C171: 34690-07 | E171: 23493455 | G171: false | H171: IPT-10 | I171: 2012 | O171: false | Q171: ЕЖБ | R171: ООО "РУСИНВЕСТ" | S171: 45126 | T171: 45491 | U171: +05:00 | V171: периодическая | X171: false | Y171: false | Z171: МИ 1997-89 | AE171: 73828.19.1Р.00156416, 77090.19.2Р.00761950 | AI171: (0 - 1,6) МПа | AJ171: Чупин А.А. | AN171: 24,8°С | AO171: 100,3 кПа | AP171: 39,6%
B172: =поверители!$E172 -> N250622 | C172: 28313-11 | E172: N250622 | G172: false | H172: СДВ-И-2,50-1,60-1,00-М(1,00)-4-20мА-DA422-0605-3 | I172: 2017 | O172: false | Q172: ЕЖБ | R172: ООО "РУСИНВЕСТ" | S172: 45126 | T172: 46952 | U172: +05:00 | V172: периодическая | X172: false | Y172: false | Z172: МП 16-221-2009 | AE172: 73828.19.1Р.00156416, 77090.19.1Р.00761951 | AI172: (0 - 1) МПа | AJ172: Чупин А.А. | AN172: 24,8°С | AO172: 100,3 кПа | AP172: 39,6%
B173: =поверители!$E173 -> N250623 | C173: 28313-11 | E173: N250623 | G173: false | H173: СДВ-И-2,50-1,60-1,00-М(1,00)-4-20мА-DA422-0605-3 | I173: 2017 | O173: false | Q173: ЕЖБ | R173: ООО "РУСИНВЕСТ" | S173: 45126 | T173: 46952 | U173: +05:00 | V173: периодическая | X173: false | Y173: false | Z173: МП 16-221-2009 | AE173: 73828.19.1Р.00156416, 77090.19.1Р.00761951 | AI173: (0 - 1) МПа | AJ173: Чупин А.А. | AN173: 24,8°С | AO173: 100,3 кПа | AP173: 39,6%
B174: =поверители!$E174 -> 45119 | C174: ЕЖБ | D174: ООО "РУСИНВЕСТ" | E174: 45119 | F174: 45849 | G174: +05:00 | H174: периодическая | J174: false | K174: true | L174: МИ 2539-99 | Q174: 73828.19.3Р.00156430, 73828.19.1Р.00156416 | U174: Котельная 6,9 МВт. Количество каналов-52 шт. | V174: Чупин А.А. | Z174: 23,9°С | AA174: 100,9 кПа | AB174: 42,3% | AJ174: Чупин А.А.
B175: =поверители!$E175 -> 45125 | C175: ЕЖБ | D175: ООО "РУСИНВЕСТ" | E175: 45125 | F175: 45855 | G175: +05:00 | H175: периодическая | J175: false | K175: true | L175: МИ 2539-99 | Q175: 73828.19.3Р.00156430, 73828.19.1Р.00156416 | U175: Котельная 514 тит. Количество каналов-12 шт. | V175: Чупин А.А. | Z175: 24,5°С | AA175: 100,7 кПа | AB175: 40,0% | AJ175: Чупин А.А.
B176: =поверители!$E176 -> 03666 | C176: 13535-93 | E176: 03666 | G176: false | H176: ДМ2010СгУ2 | I176: 2016 | O176: false | Q176: ЕЖБ | R176: ООО "РУСИНВЕСТ" | S176: 45104 | T176: 45834 | U176: +05:00 | V176: периодическая | X176: false | Y176: true | Z176: МИ 2124-90 | AE176: 77090.19.2Р.00761949 | AI176: (0 - 1) МПа | AJ176: Чупин А.А. | AN176: 21,5°С | AO176: 99,9 кПа | AP176: 39%
B177: =поверители!$E177 -> 03668 | C177: 13535-93 | E177: 03668 | G177: false | H177: ДМ2010СгУ2 | I177: 2016 | O177: false | Q177: ЕЖБ | R177: ООО "РУСИНВЕСТ" | S177: 45104 | T177: 45834 | U177: +05:00 | V177: периодическая | X177: false | Y177: true | Z177: МИ 2124-90 | AE177: 77090.19.2Р.00761949 | AI177: (0 - 1) МПа | AJ177: Чупин А.А. | AN177: 21,5°С | AO177: 99,9 кПа | AP177: 39%
B178: =поверители!$E178 -> 03503 | C178: 13535-93 | E178: 03503 | G178: false | H178: ДМ2010СгУ2 | I178: 2016 | O178: false | Q178: ЕЖБ | R178: ООО "РУСИНВЕСТ" | S178: 45104 | T178: 45834 | U178: +05:00 | V178: периодическая | X178: false | Y178: true | Z178: МИ 2124-90 | AE178: 77090.19.2Р.00761949 | AI178: (0 - 1) МПа | AJ178: Чупин А.А. | AN178: 21,5°С | AO178: 99,9 кПа | AP178: 39%
B179: =поверители!$E179 -> 03502 | C179: 13535-93 | E179: 03502 | G179: false | H179: ДМ2010СгУ2 | I179: 2016 | O179: false | Q179: ЕЖБ | R179: ООО "РУСИНВЕСТ" | S179: 45104 | T179: 45834 | U179: +05:00 | V179: периодическая | X179: false | Y179: true | Z179: МИ 2124-90 | AE179: 77090.19.2Р.00761949 | AI179: (0 - 1) МПа | AJ179: Чупин А.А. | AN179: 21,5°С | AO179: 99,9 кПа | AP179: 39%
B180: =поверители!$E180 -> 04375 | C180: 51939-12 | E180: 04375 | G180: false | H180: PGS 23.100 | I180: 2014 | O180: false | Q180: ЕЖБ | R180: ООО "РУСИНВЕСТ" | S180: 45104 | T180: 45834 | U180: +05:00 | V180: периодическая | X180: false | Y180: true | Z180: МИ 2124-90 | AE180: 77090.19.2Р.00761949 | AI180: (0 - 10) bar | AJ180: Чупин А.А. | AN180: 21,5°С | AO180: 99,9 кПа | AP180: 39%
B181: =поверители!$E181 -> 89709UOT | C181: 51939-12 | E181: 89709UOT | G181: false | H181: PGS 23.100 | I181: 2016 | O181: false | Q181: ЕЖБ | R181: ООО "РУСИНВЕСТ" | S181: 45104 | T181: 45834 | U181: +05:00 | V181: периодическая | X181: false | Y181: true | Z181: МИ 2124-90 | AE181: 77090.19.2Р.00761949 | AI181: (0 - 10) bar | AJ181: Чупин А.А. | AN181: 21,5°С | AO181: 99,9 кПа | AP181: 39%
B182: =поверители!$E182 -> 89709UOW | C182: 51939-12 | E182: 89709UOW | G182: false | H182: PGS 23.100 | I182: 2016 | O182: false | Q182: ЕЖБ | R182: ООО "РУСИНВЕСТ" | S182: 45104 | T182: 45834 | U182: +05:00 | V182: периодическая | X182: false | Y182: true | Z182: МИ 2124-90 | AE182: 77090.19.2Р.00761949 | AI182: (0 - 10) bar | AJ182: Чупин А.А. | AN182: 21,5°С | AO182: 99,9 кПа | AP182: 39%
B183: =поверители!$E183 -> 1106GA7H | C183: 55984-13 | E183: 1106GA7H | G183: false | H183: 233.50.160 | I183: 2015 | O183: false | Q183: ЕЖБ | R183: ООО "РУСИНВЕСТ" | S183: 45104 | T183: 45834 | U183: +05:00 | V183: периодическая | X183: false | Y183: true | Z183: МИ 2124-90 | AE183: 77090.19.2Р.00761949 | AI183: (0 - 1,6) МПа | AJ183: Чупин А.А. | AN183: 21,5°С | AO183: 99,9 кПа | AP183: 39%
B184: =поверители!$E184 -> 1106GA7G | C184: 55984-13 | E184: 1106GA7G | G184: false | H184: 233.50.160 | I184: 2015 | O184: false | Q184: ЕЖБ | R184: ООО "РУСИНВЕСТ" | S184: 45104 | T184: 45834 | U184: +05:00 | V184: периодическая | X184: false | Y184: true | Z184: МИ 2124-90 | AE184: 77090.19.2Р.00761949 | AI184: (0 - 1,6) МПа | AJ184: Чупин А.А. | AN184: 21,5°С | AO184: 99,9 кПа | AP184: 39%
B185: =поверители!$E185 -> 1106GA7I | C185: 51939-12 | E185: 1106GA7I | G185: false | H185: 233.50.160 | I185: 2015 | O185: false | Q185: ЕЖБ | R185: ООО "РУСИНВЕСТ" | S185: 45104 | T185: 45834 | U185: +05:00 | V185: периодическая | X185: false | Y185: true | Z185: МИ 2124-90 | AE185: 77090.19.2Р.00761949 | AI185: (0 - 1,6) МПа | AJ185: Чупин А.А. | AN185: 21,5°С | AO185: 99,9 кПа | AP185: 39%
B186: =поверители!$E186 -> 8970GG9U | C186: 55984-13 | E186: 8970GG9U | G186: false | H186: PGS 23.160 | I186: 2015 | O186: false | Q186: ЕЖБ | R186: ООО "РУСИНВЕСТ" | S186: 45104 | T186: 45834 | U186: +05:00 | V186: периодическая | X186: false | Y186: true | Z186: МИ 2124-90 | AE186: 77090.19.2Р.00761949 | AI186: (0 - 1,6) МПа | AJ186: Чупин А.А. | AN186: 21,5°С | AO186: 99,9 кПа | AP186: 39%
B187: =поверители!$E187 -> 202-7172 | C187: 40713-14 | E187: 202-7172 | G187: false | H187: 1005Exd (модель ИМ2,5М) | I187: 2017 | O187: false | Q187: ЕЖБ | R187: ООО "РУСИНВЕСТ" | S187: 45104 | T187: 46199 | U187: +05:00 | V187: периодическая | X187: false | Y187: true | Z187: НКГЖ.406233.053МП | AE187: 77090.19.2Р.00761949 | AI187: (0 - 1,6) МПа | AJ187: Чупин А.А. | AN187: 21,5°С | AO187: 99,9 кПа | AP187: 39%
B188: =поверители!$E188 -> Р01006 | C188: 10135-05 | E188: Р01006 | G188: false | H188: МП4-УУ2 | I188: 2009 | O188: false | Q188: ЕЖБ | R188: ООО "РУСИНВЕСТ" | S188: 45104 | T188: 45469 | U188: +05:00 | V188: периодическая | X188: false | Y188: true | Z188: МИ 2124-90 | AE188: 77090.19.2Р.00761949 | AI188: (0 - 10) кгс/см² | AJ188: Чупин А.А. | AN188: 21,5°С | AO188: 99,9 кПа | AP188: 39%
B189: =поверители!$E189 -> 02492 | C189: 10135-05 | E189: 02492 | G189: false | H189: МП4-УУ2 | I189: 2011 | O189: false | Q189: ЕЖБ | R189: ООО "РУСИНВЕСТ" | S189: 45104 | T189: 45469 | U189: +05:00 | V189: периодическая | X189: false | Y189: true | Z189: МИ 2124-90 | AE189: 77090.19.2Р.00761949 | AI189: (0 - 16) кгс/см² | AJ189: Чупин А.А. | AN189: 21,5°С | AO189: 99,9 кПа | AP189: 39%
B190: =поверители!$E190 -> 02497 | C190: 55984-13 | E190: 02497 | G190: false | H190: 233.50.160 | I190: 2013 | O190: false | Q190: ЕЖБ | R190: ООО "РУСИНВЕСТ" | S190: 45104 | T190: 45834 | U190: +05:00 | V190: периодическая | X190: false | Y190: true | Z190: МИ 2124-90 | AE190: 77090.19.2Р.00761949 | AI190: (0 - 10) кгс/см² | AJ190: Чупин А.А. | AN190: 21,5°С | AO190: 99,9 кПа | AP190: 39%
B191: =поверители!$E191 -> 02498 | C191: 55984-13 | E191: 02498 | G191: false | H191: 232.50.160 | I191: 2013 | O191: false | Q191: ЕЖБ | R191: ООО "РУСИНВЕСТ" | S191: 45104 | T191: 45834 | U191: +05:00 | V191: периодическая | X191: false | Y191: true | Z191: МИ 2124-90 | AE191: 77090.19.2Р.00761949 | AI191: (0 - 16) кгс/см² | AJ191: Чупин А.А. | AN191: 21,5°С | AO191: 99,9 кПа | AP191: 39%
B192: =поверители!$E192 -> 03386 | C192: 10135-15 | E192: 03386 | G192: false | H192: МП3-УУ2 | I192: 2015 | O192: false | Q192: ЕЖБ | R192: ООО "РУСИНВЕСТ" | S192: 45104 | T192: 45469 | U192: +05:00 | V192: периодическая | X192: false | Y192: true | Z192: МИ 2124-90 | AE192: 77090.19.2Р.00761949 | AI192: (0 - 60) кПа | AJ192: Чупин А.А. | AN192: 21,5°С | AO192: 99,9 кПа | AP192: 39%
...
